AFOREST_CODE,year,month,month_sv,month_nfv,month_nf_var,siteid,UNIT_NAME
A01003,2021,10,84614,65766,575661770,NAT_068,Bitterroot National Forest
A01003,2021,11,64003,51968,475474243,NAT_068,Bitterroot National Forest
A01003,2021,12,24477,21169,123301107,NAT_068,Bitterroot National Forest
A01003,2022,1,30416,26649,131445836,NAT_068,Bitterroot National Forest
A01003,2022,2,27144,23799,117756899,NAT_068,Bitterroot National Forest
A01003,2022,3,29959,26407,123307831,NAT_068,Bitterroot National Forest
A01003,2022,4,38370,31590,285855706,NAT_068,Bitterroot National Forest
A01003,2022,5,64244,51001,485543687,NAT_068,Bitterroot National Forest
A01003,2022,6,84029,65956,549711814,NAT_068,Bitterroot National Forest
A01003,2022,7,99063,77026,610133427,NAT_068,Bitterroot National Forest
A01003,2022,8,98451,76126,615415631,NAT_068,Bitterroot National Forest
A01003,2022,9,86311,66799,597731590,NAT_068,Bitterroot National Forest
A01004,2018,10,170775,147012,2535068640,NAT_069,Idaho Panhandle National Forests
A01004,2018,11,96037,84230,1254429634,NAT_069,Idaho Panhandle National Forests
A01004,2018,12,76941,67307,775014707,NAT_069,Idaho Panhandle National Forests
A01004,2019,1,73365,63996,734236451,NAT_069,Idaho Panhandle National Forests
A01004,2019,2,65360,57027,636494955,NAT_069,Idaho Panhandle National Forests
A01004,2019,3,72789,63845,690158454,NAT_069,Idaho Panhandle National Forests
A01004,2019,4,69632,61247,810168542,NAT_069,Idaho Panhandle National Forests
A01004,2019,5,127448,104096,1528833709,NAT_069,Idaho Panhandle National Forests
A01004,2019,6,266471,210869,3260220849,NAT_069,Idaho Panhandle National Forests
A01004,2019,7,399708,317010,4946859449,NAT_069,Idaho Panhandle National Forests
A01004,2019,8,402910,320048,5015075900,NAT_069,Idaho Panhandle National Forests
A01004,2019,9,241851,198318,3289984840,NAT_069,Idaho Panhandle National Forests
A01008,2017,10,16533,10680,25129447,NAT_039,Custer National Forest
A01008,2017,11,15217,11247,18743477,NAT_039,Custer National Forest
A01008,2017,12,22292,21179,3607316,NAT_039,Custer National Forest
A01008,2018,1,21560,20754,2764606,NAT_039,Custer National Forest
A01008,2018,2,19559,18812,2707801,NAT_039,Custer National Forest
A01008,2018,3,21521,20736,2740788,NAT_039,Custer National Forest
A01008,2018,4,15407,13236,9294083,NAT_039,Custer National Forest
A01008,2018,5,20841,13217,25607848,NAT_039,Custer National Forest
A01008,2018,6,87438,57507,118855390,NAT_039,Custer National Forest
A01008,2018,7,130198,87434,154208861,NAT_039,Custer National Forest
A01008,2018,8,115296,76453,142074212,NAT_039,Custer National Forest
A01008,2018,9,59120,39018,80916921,NAT_039,Custer National Forest
A01011,2018,10,120758,87170,2414919224,NAT_040,Gallatin National Forest
A01011,2018,11,107814,77232,2108362069,NAT_040,Gallatin National Forest
A01011,2018,12,143442,118392,1010133295,NAT_040,Gallatin National Forest
A01011,2019,1,197891,161933,1266879823,NAT_040,Gallatin National Forest
A01011,2019,2,180105,147718,1239523932,NAT_040,Gallatin National Forest
A01011,2019,3,183007,151852,1330375145,NAT_040,Gallatin National Forest
A01011,2019,4,39272,29389,820295028,NAT_040,Gallatin National Forest
A01011,2019,5,118830,82346,1843244505,NAT_040,Gallatin National Forest
A01011,2019,6,269350,179558,3352068766,NAT_040,Gallatin National Forest
A01011,2019,7,377181,252259,4250259218,NAT_040,Gallatin National Forest
A01011,2019,8,379169,253632,4295136785,NAT_040,Gallatin National Forest
A01011,2019,9,275354,186609,3645989690,NAT_040,Gallatin National Forest
A01012,2017,10,47287,38535,220321176,NAT_041,Helena National Forest
A01012,2017,11,51127,41684,244612099,NAT_041,Helena National Forest
A01012,2017,12,15366,12704,79595400,NAT_041,Helena National Forest
A01012,2018,1,13185,10888,67038400,NAT_041,Helena National Forest
A01012,2018,2,13377,11043,65719500,NAT_041,Helena National Forest
A01012,2018,3,13916,11569,70310215,NAT_041,Helena National Forest
A01012,2018,4,13774,11541,71232363,NAT_041,Helena National Forest
A01012,2018,5,24947,20581,113882232,NAT_041,Helena National Forest
A01012,2018,6,44434,36541,193075166,NAT_041,Helena National Forest
A01012,2018,7,49887,41068,220566063,NAT_041,Helena National Forest
A01012,2018,8,49061,40301,214921104,NAT_041,Helena National Forest
A01012,2018,9,52595,43070,234082692,NAT_041,Helena National Forest
A01014,2021,10,96503,61242,607198044,NAT_072,Kootenai National Forest
A01014,2021,11,81560,51910,522911596,NAT_072,Kootenai National Forest
A01014,2021,12,18758,12119,114053297,NAT_072,Kootenai National Forest
A01014,2022,1,21686,14278,128578855,NAT_072,Kootenai National Forest
A01014,2022,2,19223,12641,114600209,NAT_072,Kootenai National Forest
A01014,2022,3,22728,14828,137048908,NAT_072,Kootenai National Forest
A01014,2022,4,33007,20851,176239568,NAT_072,Kootenai National Forest
A01014,2022,5,72146,44987,377564460,NAT_072,Kootenai National Forest
A01014,2022,6,136667,86498,698342472,NAT_072,Kootenai National Forest
A01014,2022,7,178646,113738,846218346,NAT_072,Kootenai National Forest
A01014,2022,8,172938,109730,822073655,NAT_072,Kootenai National Forest
A01014,2022,9,124578,77924,688093016,NAT_072,Kootenai National Forest
A01015,2021,10,31271,16938,76950049,NAT_044,Lewis and Clark National Forest
A01015,2021,11,36789,19840,102452135,NAT_044,Lewis and Clark National Forest
A01015,2021,12,17194,12400,19469795,NAT_044,Lewis and Clark National Forest
A01015,2022,1,23653,17786,18762012,NAT_044,Lewis and Clark National Forest
A01015,2022,2,20961,15872,15265014,NAT_044,Lewis and Clark National Forest
A01015,2022,3,21478,16321,15517059,NAT_044,Lewis and Clark National Forest
A01015,2022,4,16199,11869,13836450,NAT_044,Lewis and Clark National Forest
A01015,2022,5,13914,7774,26252488,NAT_044,Lewis and Clark National Forest
A01015,2022,6,32111,17314,73614624,NAT_044,Lewis and Clark National Forest
A01015,2022,7,44635,23961,92611139,NAT_044,Lewis and Clark National Forest
A01015,2022,8,37744,20273,70482355,NAT_044,Lewis and Clark National Forest
A01015,2022,9,30872,16632,68513692,NAT_044,Lewis and Clark National Forest
A01018,2017,10,17619,11659,53563357,NAT_067,Dakota Prairie Grasslands
A01018,2017,11,17987,12143,56980458,NAT_067,Dakota Prairie Grasslands
A01018,2017,12,5739,3695,14822960,NAT_067,Dakota Prairie Grasslands
A01018,2018,1,4231,2695,9987176,NAT_067,Dakota Prairie Grasslands
A01018,2018,2,3977,2529,9389322,NAT_067,Dakota Prairie Grasslands
A01018,2018,3,4466,2846,10503998,NAT_067,Dakota Prairie Grasslands
A01018,2018,4,8580,5690,25426946,NAT_067,Dakota Prairie Grasslands
A01018,2018,5,14768,9735,43545818,NAT_067,Dakota Prairie Grasslands
A01018,2018,6,15651,10389,47529393,NAT_067,Dakota Prairie Grasslands
A01018,2018,7,16533,10960,50100348,NAT_067,Dakota Prairie Grasslands
A01018,2018,8,15749,10377,46918355,NAT_067,Dakota Prairie Grasslands
A01018,2018,9,15716,10376,47083425,NAT_067,Dakota Prairie Grasslands
A02002,2017,10,62187,38767,237761590,NAT_057,Bighorn National Forest
A02002,2017,11,24758,15710,103714155,NAT_057,Bighorn National Forest
A02002,2017,12,23714,15538,76477886,NAT_057,Bighorn National Forest
A02002,2018,1,24157,15685,77712859,NAT_057,Bighorn National Forest
A02002,2018,2,21429,13812,70401056,NAT_057,Bighorn National Forest
A02002,2018,3,20447,13261,67322515,NAT_057,Bighorn National Forest
A02002,2018,4,13263,7977,40383770,NAT_057,Bighorn National Forest
A02002,2018,5,29178,16810,94271490,NAT_057,Bighorn National Forest
A02002,2018,6,71387,40749,224524630,NAT_057,Bighorn National Forest
A02002,2018,7,106091,62954,322321094,NAT_057,Bighorn National Forest
A02002,2018,8,93891,54245,286308667,NAT_057,Bighorn National Forest
A02002,2018,9,70634,40653,236891459,NAT_057,Bighorn National Forest
A02003,2018,10,52487,33276,266434291,NAT_056,Black Hills National Forest
A02003,2018,11,41822,27877,243331014,NAT_056,Black Hills National Forest
A02003,2018,12,14580,10296,93643390,NAT_056,Black Hills National Forest
A02003,2019,1,10750,7590,69808136,NAT_056,Black Hills National Forest
A02003,2019,2,10360,7299,63966485,NAT_056,Black Hills National Forest
A02003,2019,3,9890,7126,71052253,NAT_056,Black Hills National Forest
A02003,2019,4,16623,11233,107168314,NAT_056,Black Hills National Forest
A02003,2019,5,102434,57820,377613707,NAT_056,Black Hills National Forest
A02003,2019,6,218489,118672,669591625,NAT_056,Black Hills National Forest
A02003,2019,7,239857,130595,743291827,NAT_056,Black Hills National Forest
A02003,2019,8,233950,127123,723720054,NAT_056,Black Hills National Forest
A02003,2019,9,119293,71771,502381389,NAT_056,Black Hills National Forest
A02004,2018,10,188843,121550,4417448614,NAT_052,"Grand Mesa, Uncompahgre and Gunnison National Forests"
A02004,2018,11,100309,67921,2197038590,NAT_052,"Grand Mesa, Uncompahgre and Gunnison National Forests"
A02004,2018,12,163616,140726,1065473541,NAT_052,"Grand Mesa, Uncompahgre and Gunnison National Forests"
A02004,2019,1,279606,245003,1480663331,NAT_052,"Grand Mesa, Uncompahgre and Gunnison National Forests"
A02004,2019,2,253970,222212,1367000721,NAT_052,"Grand Mesa, Uncompahgre and Gunnison National Forests"
A02004,2019,3,280826,244775,1565135157,NAT_052,"Grand Mesa, Uncompahgre and Gunnison National Forests"
A02004,2019,4,81812,72915,406336885,NAT_052,"Grand Mesa, Uncompahgre and Gunnison National Forests"
A02004,2019,5,66071,42520,1345677139,NAT_052,"Grand Mesa, Uncompahgre and Gunnison National Forests"
A02004,2019,6,310882,205319,5096914900,NAT_052,"Grand Mesa, Uncompahgre and Gunnison National Forests"
A02004,2019,7,518453,346369,7591096747,NAT_052,"Grand Mesa, Uncompahgre and Gunnison National Forests"
A02004,2019,8,530092,354021,7808866260,NAT_052,"Grand Mesa, Uncompahgre and Gunnison National Forests"
A02004,2019,9,405749,277593,6260171826,NAT_052,"Grand Mesa, Uncompahgre and Gunnison National Forests"
A02006,2017,10,71027,52979,570623313,NAT_045,Medicine Bow National Forest
A02006,2017,11,9435,7706,38330766,NAT_045,Medicine Bow National Forest
A02006,2017,12,21876,17864,137683846,NAT_045,Medicine Bow National Forest
A02006,2018,1,30644,25974,154784877,NAT_045,Medicine Bow National Forest
A02006,2018,2,28300,23907,147123915,NAT_045,Medicine Bow National Forest
A02006,2018,3,35084,29092,171944997,NAT_045,Medicine Bow National Forest
A02006,2018,4,12223,9685,51771706,NAT_045,Medicine Bow National Forest
A02006,2018,5,26463,19049,174067846,NAT_045,Medicine Bow National Forest
A02006,2018,6,75767,54995,535520562,NAT_045,Medicine Bow National Forest
A02006,2018,7,119712,85883,852443099,NAT_045,Medicine Bow National Forest
A02006,2018,8,126418,90425,836257352,NAT_045,Medicine Bow National Forest
A02006,2018,9,101280,73716,727108824,NAT_045,Medicine Bow National Forest
A02007,2017,10,21751,15722,230469205,NAT_054,Nebraska National Forest
A02007,2017,11,19535,13793,269066164,NAT_054,Nebraska National Forest
A02007,2017,12,7892,5994,91839510,NAT_054,Nebraska National Forest
A02007,2018,1,5117,3901,61896505,NAT_054,Nebraska National Forest
A02007,2018,2,4932,3606,55363944,NAT_054,Nebraska National Forest
A02007,2018,3,5677,4158,63902822,NAT_054,Nebraska National Forest
A02007,2018,4,18888,12541,255273894,NAT_054,Nebraska National Forest
A02007,2018,5,37927,23666,509224525,NAT_054,Nebraska National Forest
A02007,2018,6,41750,26606,539788304,NAT_054,Nebraska National Forest
A02007,2018,7,42498,27012,535675287,NAT_054,Nebraska National Forest
A02007,2018,8,42797,28026,551547396,NAT_054,Nebraska National Forest
A02007,2018,9,38774,26192,461543436,NAT_054,Nebraska National Forest
A02011,2021,10,118938,74977,1022750326,NAT_046,Routt National Forest
A02011,2021,11,112940,80135,556346949,NAT_046,Routt National Forest
A02011,2021,12,273536,208716,898533498,NAT_046,Routt National Forest
A02011,2022,1,296912,224407,1067936212,NAT_046,Routt National Forest
A02011,2022,2,266423,201565,962218440,NAT_046,Routt National Forest
A02011,2022,3,289847,220047,1057369458,NAT_046,Routt National Forest
A02011,2022,4,163258,121538,585748774,NAT_046,Routt National Forest
A02011,2022,5,43349,24683,258182950,NAT_046,Routt National Forest
A02011,2022,6,130866,80801,830426796,NAT_046,Routt National Forest
A02011,2022,7,213623,134004,1304145061,NAT_046,Routt National Forest
A02011,2022,8,205677,129225,1299152283,NAT_046,Routt National Forest
A02011,2022,9,175790,110718,1236087178,NAT_046,Routt National Forest
A02012,2020,10,391444,301007,16333656298,NAT_058,Pike and San Isabel National Forests
A02012,2020,11,301759,236057,11947239897,NAT_058,Pike and San Isabel National Forests
A02012,2020,12,242271,197151,6410297322,NAT_058,Pike and San Isabel National Forests
A02012,2021,1,244612,200494,6033773621,NAT_058,Pike and San Isabel National Forests
A02012,2021,2,217760,178687,5297050573,NAT_058,Pike and San Isabel National Forests
A02012,2021,3,242258,198460,5854487063,NAT_058,Pike and San Isabel National Forests
A02012,2021,4,254914,202196,8533402042,NAT_058,Pike and San Isabel National Forests
A02012,2021,5,485961,368171,19833077871,NAT_058,Pike and San Isabel National Forests
A02012,2021,6,663765,501920,22558149510,NAT_058,Pike and San Isabel National Forests
A02012,2021,7,717699,542719,24867142109,NAT_058,Pike and San Isabel National Forests
A02012,2021,8,720355,544944,25025326787,NAT_058,Pike and San Isabel National Forests
A02012,2021,9,651078,500370,23545702084,NAT_058,Pike and San Isabel National Forests
A02013,2020,10,171084,112246,3557076901,NAT_055,San Juan National Forest
A02013,2020,11,124882,86601,2241202799,NAT_055,San Juan National Forest
A02013,2020,12,82465,63319,1029489608,NAT_055,San Juan National Forest
A02013,2021,1,83277,64399,1018199563,NAT_055,San Juan National Forest
A02013,2021,2,73732,57163,896277235,NAT_055,San Juan National Forest
A02013,2021,3,71582,55930,783202480,NAT_055,San Juan National Forest
A02013,2021,4,75811,57904,828275460,NAT_055,San Juan National Forest
A02013,2021,5,225427,151577,3703153801,NAT_055,San Juan National Forest
A02013,2021,6,325936,215099,5065317374,NAT_055,San Juan National Forest
A02013,2021,7,373080,244641,5475754251,NAT_055,San Juan National Forest
A02013,2021,8,359702,234608,5425297789,NAT_055,San Juan National Forest
A02013,2021,9,283121,185364,5002464323,NAT_055,San Juan National Forest
A02014,2018,10,23850,17127,262809085,NAT_053,Shoshone National Forest
A02014,2018,11,8273,6385,113732548,NAT_053,Shoshone National Forest
A02014,2018,12,6661,5162,78283784,NAT_053,Shoshone National Forest
A02014,2019,1,9079,7242,98850920,NAT_053,Shoshone National Forest
A02014,2019,2,7945,6376,87968879,NAT_053,Shoshone National Forest
A02014,2019,3,8191,6592,97460212,NAT_053,Shoshone National Forest
A02014,2019,4,3226,2573,40210436,NAT_053,Shoshone National Forest
A02014,2019,5,11696,8376,129957238,NAT_053,Shoshone National Forest
A02014,2019,6,32905,21685,258139440,NAT_053,Shoshone National Forest
A02014,2019,7,52531,33536,345810592,NAT_053,Shoshone National Forest
A02014,2019,8,52212,33225,347859170,NAT_053,Shoshone National Forest
A02014,2019,9,32873,22395,288369895,NAT_053,Shoshone National Forest
A02015,2021,10,777667,573880,30543373879,NAT_051,White River National Forest
A02015,2021,11,1267813,1027786,23365310744,NAT_051,White River National Forest
A02015,2021,12,1949863,1632306,20536183764,NAT_051,White River National Forest
A02015,2022,1,1995585,1669108,21278808054,NAT_051,White River National Forest
A02015,2022,2,1798297,1504526,19104800505,NAT_051,White River National Forest
A02015,2022,3,1985679,1661688,21006225679,NAT_051,White River National Forest
A02015,2022,4,1154299,949314,13746162877,NAT_051,White River National Forest
A02015,2022,5,755342,576603,22728528117,NAT_051,White River National Forest
A02015,2022,6,1540863,1173422,180357078963,NAT_051,White River National Forest
A02015,2022,7,1876413,1424363,223800196284,NAT_051,White River National Forest
A02015,2022,8,1840413,1400109,222952107542,NAT_051,White River National Forest
A02015,2022,9,1494227,1114224,167064631907,NAT_051,White River National Forest
A03001,2017,10,100429,64436,398912966,NAT_065,Apache-Sitgreaves National Forests
A03001,2017,11,60145,37967,238821621,NAT_065,Apache-Sitgreaves National Forests
A03001,2017,12,43839,28072,182614152,NAT_065,Apache-Sitgreaves National Forests
A03001,2018,1,34512,22285,148185162,NAT_065,Apache-Sitgreaves National Forests
A03001,2018,2,31216,20104,134499678,NAT_065,Apache-Sitgreaves National Forests
A03001,2018,3,35448,22744,147708927,NAT_065,Apache-Sitgreaves National Forests
A03001,2018,4,62003,39774,239811547,NAT_065,Apache-Sitgreaves National Forests
A03001,2018,5,119576,77675,470857517,NAT_065,Apache-Sitgreaves National Forests
A03001,2018,6,205512,135441,792438992,NAT_065,Apache-Sitgreaves National Forests
A03001,2018,7,216833,142705,821205627,NAT_065,Apache-Sitgreaves National Forests
A03001,2018,8,201948,132629,769850752,NAT_065,Apache-Sitgreaves National Forests
A03001,2018,9,163273,106296,639858712,NAT_065,Apache-Sitgreaves National Forests
A03002,2017,10,53003,35727,218933836,NAT_059,Carson National Forest
A03002,2017,11,43287,33007,150394471,NAT_059,Carson National Forest
A03002,2017,12,76572,64274,156721662,NAT_059,Carson National Forest
A03002,2018,1,84602,72840,144957115,NAT_059,Carson National Forest
A03002,2018,2,77853,66835,145899719,NAT_059,Carson National Forest
A03002,2018,3,89982,76465,159864771,NAT_059,Carson National Forest
A03002,2018,4,34054,25605,138087083,NAT_059,Carson National Forest
A03002,2018,5,49612,34257,202087861,NAT_059,Carson National Forest
A03002,2018,6,77251,52563,242433863,NAT_059,Carson National Forest
A03002,2018,7,92111,61500,272123166,NAT_059,Carson National Forest
A03002,2018,8,89790,60076,274845045,NAT_059,Carson National Forest
A03002,2018,9,73829,50434,249460767,NAT_059,Carson National Forest
A03003,2020,10,231005,190449,4018185810,NAT_060,Cibola National Forest
A03003,2020,11,155494,129366,3111617184,NAT_060,Cibola National Forest
A03003,2020,12,144805,116993,3018284225,NAT_060,Cibola National Forest
A03003,2021,1,141681,113878,2870782737,NAT_060,Cibola National Forest
A03003,2021,2,124855,100303,2572415675,NAT_060,Cibola National Forest
A03003,2021,3,168006,137898,3313467445,NAT_060,Cibola National Forest
A03003,2021,4,171882,143408,3507085812,NAT_060,Cibola National Forest
A03003,2021,5,228373,186766,4079609560,NAT_060,Cibola National Forest
A03003,2021,6,211526,171224,3854575327,NAT_060,Cibola National Forest
A03003,2021,7,225768,182672,4003002790,NAT_060,Cibola National Forest
A03003,2021,8,222308,179969,4000205780,NAT_060,Cibola National Forest
A03003,2021,9,214795,174602,3837856250,NAT_060,Cibola National Forest
A03005,2021,10,231621,172745,3030895751,NAT_061,Coronado National Forest
A03005,2021,11,210633,158006,2801596766,NAT_061,Coronado National Forest
A03005,2021,12,205232,154658,2899879313,NAT_061,Coronado National Forest
A03005,2022,1,204445,155011,2684607606,NAT_061,Coronado National Forest
A03005,2022,2,173308,131482,2225239763,NAT_061,Coronado National Forest
A03005,2022,3,204306,153895,2646714934,NAT_061,Coronado National Forest
A03005,2022,4,206272,155126,2574931092,NAT_061,Coronado National Forest
A03005,2022,5,189278,136754,2423487502,NAT_061,Coronado National Forest
A03005,2022,6,186359,135502,2523085729,NAT_061,Coronado National Forest
A03005,2022,7,201258,146590,2687256147,NAT_061,Coronado National Forest
A03005,2022,8,191089,138297,2623945808,NAT_061,Coronado National Forest
A03005,2022,9,185531,133655,2385379356,NAT_061,Coronado National Forest
A03006,2020,10,64445,42116,572847762,NAT_063,Gila National Forest
A03006,2020,11,60409,40849,594040518,NAT_063,Gila National Forest
A03006,2020,12,50417,35329,518515693,NAT_063,Gila National Forest
A03006,2021,1,44306,31648,454102777,NAT_063,Gila National Forest
A03006,2021,2,33043,23935,324372744,NAT_063,Gila National Forest
A03006,2021,3,42573,29437,371809416,NAT_063,Gila National Forest
A03006,2021,4,48530,32389,400061556,NAT_063,Gila National Forest
A03006,2021,5,59732,39208,489016123,NAT_063,Gila National Forest
A03006,2021,6,53885,35431,430409671,NAT_063,Gila National Forest
A03006,2021,7,62107,40583,495185951,NAT_063,Gila National Forest
A03006,2021,8,60123,39369,484539644,NAT_063,Gila National Forest
A03006,2021,9,69931,45483,598275079,NAT_063,Gila National Forest
A03008,2018,10,46082,35953,391994193,NAT_062,Lincoln National Forest
A03008,2018,11,45697,35869,382767762,NAT_062,Lincoln National Forest
A03008,2018,12,55067,43372,302173201,NAT_062,Lincoln National Forest
A03008,2019,1,54066,42654,296343318,NAT_062,Lincoln National Forest
A03008,2019,2,50323,39702,276564665,NAT_062,Lincoln National Forest
A03008,2019,3,64226,50379,357988269,NAT_062,Lincoln National Forest
A03008,2019,4,52586,40996,360743744,NAT_062,Lincoln National Forest
A03008,2019,5,54051,41824,401024288,NAT_062,Lincoln National Forest
A03008,2019,6,78858,60514,469694329,NAT_062,Lincoln National Forest
A03008,2019,7,80573,61824,476547971,NAT_062,Lincoln National Forest
A03008,2019,8,83469,64027,485772728,NAT_062,Lincoln National Forest
A03008,2019,9,60477,46572,419221330,NAT_062,Lincoln National Forest
A03009,2021,10,84873,68420,512237042,NAT_064,Prescott National Forest
A03009,2021,11,60773,49476,428967008,NAT_064,Prescott National Forest
A03009,2021,12,56617,46046,424200170,NAT_064,Prescott National Forest
A03009,2022,1,51690,42191,412653273,NAT_064,Prescott National Forest
A03009,2022,2,45483,37086,364620664,NAT_064,Prescott National Forest
A03009,2022,3,68840,55831,457737847,NAT_064,Prescott National Forest
A03009,2022,4,78631,63665,472537587,NAT_064,Prescott National Forest
A03009,2022,5,97540,78271,555431334,NAT_064,Prescott National Forest
A03009,2022,6,91264,73285,524293976,NAT_064,Prescott National Forest
A03009,2022,7,102701,82286,591552231,NAT_064,Prescott National Forest
A03009,2022,8,92159,74057,535564233,NAT_064,Prescott National Forest
A03009,2022,9,82412,66365,493887972,NAT_064,Prescott National Forest
A03010,2018,10,57735,40782,226995552,NAT_066,Santa Fe National Forest
A03010,2018,11,36242,25634,162004050,NAT_066,Santa Fe National Forest
A03010,2018,12,71868,65009,92971038,NAT_066,Santa Fe National Forest
A03010,2019,1,67446,61851,68148686,NAT_066,Santa Fe National Forest
A03010,2019,2,61101,55991,62453544,NAT_066,Santa Fe National Forest
A03010,2019,3,45333,39826,79621039,NAT_066,Santa Fe National Forest
A03010,2019,4,29595,20305,133088985,NAT_066,Santa Fe National Forest
A03010,2019,5,54404,36925,209368797,NAT_066,Santa Fe National Forest
A03010,2019,6,71808,47629,265496977,NAT_066,Santa Fe National Forest
A03010,2019,7,76357,50900,275777342,NAT_066,Santa Fe National Forest
A03010,2019,8,72978,48414,268885991,NAT_066,Santa Fe National Forest
A03010,2019,9,63395,42783,253693648,NAT_066,Santa Fe National Forest
A04001,2021,10,75590,49332,308408247,NAT_091,Ashley National Forest
A04001,2021,11,27656,18658,124989941,NAT_091,Ashley National Forest
A04001,2021,12,14952,10289,70768338,NAT_091,Ashley National Forest
A04001,2022,1,16151,11077,76612981,NAT_091,Ashley National Forest
A04001,2022,2,13755,9403,64848836,NAT_091,Ashley National Forest
A04001,2022,3,13069,8552,55793720,NAT_091,Ashley National Forest
A04001,2022,4,21847,13298,78526366,NAT_091,Ashley National Forest
A04001,2022,5,81464,45402,249183481,NAT_091,Ashley National Forest
A04001,2022,6,133426,73614,383292673,NAT_091,Ashley National Forest
A04001,2022,7,167582,95340,433445457,NAT_091,Ashley National Forest
A04001,2022,8,155100,87238,404654876,NAT_091,Ashley National Forest
A04001,2022,9,112239,65484,320170958,NAT_091,Ashley National Forest
A04002,2018,10,155326,113847,4792651728,NAT_093,Boise National Forest
A04002,2018,11,84303,66764,2242719749,NAT_093,Boise National Forest
A04002,2018,12,115957,106502,1153274008,NAT_093,Boise National Forest
A04002,2019,1,112112,103618,996424185,NAT_093,Boise National Forest
A04002,2019,2,101489,93741,906928008,NAT_093,Boise National Forest
A04002,2019,3,109495,101506,810061336,NAT_093,Boise National Forest
A04002,2019,4,79116,66340,1346117775,NAT_093,Boise National Forest
A04002,2019,5,127477,91445,3790572846,NAT_093,Boise National Forest
A04002,2019,6,256771,185684,7336399924,NAT_093,Boise National Forest
A04002,2019,7,307736,222705,8056421252,NAT_093,Boise National Forest
A04002,2019,8,268732,193642,7151637480,NAT_093,Boise National Forest
A04002,2019,9,197190,142113,5498627908,NAT_093,Boise National Forest
A04003,2017,10,152491,106858,1173072405,NAT_089,Bridger-Teton National Forest
A04003,2017,11,41905,33575,210296090,NAT_089,Bridger-Teton National Forest
A04003,2017,12,185473,171361,422750875,NAT_089,Bridger-Teton National Forest
A04003,2018,1,245755,224343,697653669,NAT_089,Bridger-Teton National Forest
A04003,2018,2,223558,203771,638228831,NAT_089,Bridger-Teton National Forest
A04003,2018,3,235634,217415,640585555,NAT_089,Bridger-Teton National Forest
A04003,2018,4,52983,48751,161653717,NAT_089,Bridger-Teton National Forest
A04003,2018,5,139149,102019,2588531966,NAT_089,Bridger-Teton National Forest
A04003,2018,6,331828,241359,6891860165,NAT_089,Bridger-Teton National Forest
A04003,2018,7,409487,292376,7417741449,NAT_089,Bridger-Teton National Forest
A04003,2018,8,406205,289953,7389657611,NAT_089,Bridger-Teton National Forest
A04003,2018,9,352479,252936,6009772508,NAT_089,Bridger-Teton National Forest
A04007,2018,10,78654,54974,223065169,NAT_096,Dixie National Forest
A04007,2018,11,36180,29242,51302727,NAT_096,Dixie National Forest
A04007,2018,12,45984,43798,18043286,NAT_096,Dixie National Forest
A04007,2019,1,48024,45256,20793194,NAT_096,Dixie National Forest
A04007,2019,2,43928,41263,23052760,NAT_096,Dixie National Forest
A04007,2019,3,49505,46238,39948980,NAT_096,Dixie National Forest
A04007,2019,4,50016,42879,63146520,NAT_096,Dixie National Forest
A04007,2019,5,79689,56068,165456513,NAT_096,Dixie National Forest
A04007,2019,6,125343,83757,279818211,NAT_096,Dixie National Forest
A04007,2019,7,169868,111323,375569752,NAT_096,Dixie National Forest
A04007,2019,8,152106,100630,336097250,NAT_096,Dixie National Forest
A04007,2019,9,117149,78824,294385258,NAT_096,Dixie National Forest
A04008,2017,10,62634,40538,289991096,NAT_092,Fishlake National Forest
A04008,2017,11,27622,18062,173995655,NAT_092,Fishlake National Forest
A04008,2017,12,21486,14237,125689685,NAT_092,Fishlake National Forest
A04008,2018,1,14506,9307,81803733,NAT_092,Fishlake National Forest
A04008,2018,2,12933,8253,73705606,NAT_092,Fishlake National Forest
A04008,2018,3,24681,15803,165197898,NAT_092,Fishlake National Forest
A04008,2018,4,30097,19274,176391083,NAT_092,Fishlake National Forest
A04008,2018,5,61815,36844,311654201,NAT_092,Fishlake National Forest
A04008,2018,6,112836,63446,542502990,NAT_092,Fishlake National Forest
A04008,2018,7,140747,80440,637700744,NAT_092,Fishlake National Forest
A04008,2018,8,114474,63973,573545406,NAT_092,Fishlake National Forest
A04008,2018,9,73112,45090,312758171,NAT_092,Fishlake National Forest
A04010,2020,10,142300,129417,3836680747,NAT_095,Manti-La Sal National Forest
A04010,2020,11,40187,36595,992166177,NAT_095,Manti-La Sal National Forest
A04010,2020,12,26364,24118,692795933,NAT_095,Manti-La Sal National Forest
A04010,2021,1,19587,18038,612617098,NAT_095,Manti-La Sal National Forest
A04010,2021,2,18850,17263,523689112,NAT_095,Manti-La Sal National Forest
A04010,2021,3,32017,29178,828390822,NAT_095,Manti-La Sal National Forest
A04010,2021,4,66766,61191,1881493919,NAT_095,Manti-La Sal National Forest
A04010,2021,5,93485,84876,2467360679,NAT_095,Manti-La Sal National Forest
A04010,2021,6,134175,121234,3685148815,NAT_095,Manti-La Sal National Forest
A04010,2021,7,148010,133609,3956407749,NAT_095,Manti-La Sal National Forest
A04010,2021,8,143929,130023,3947932963,NAT_095,Manti-La Sal National Forest
A04010,2021,9,134893,122601,3807406385,NAT_095,Manti-La Sal National Forest
A04012,2017,10,47005,31918,176227464,NAT_073,Payette National Forest
A04012,2017,11,24874,18036,73637438,NAT_073,Payette National Forest
A04012,2017,12,44062,33788,75271596,NAT_073,Payette National Forest
A04012,2018,1,48501,36883,90476385,NAT_073,Payette National Forest
A04012,2018,2,44290,33648,84096652,NAT_073,Payette National Forest
A04012,2018,3,43837,33442,76257378,NAT_073,Payette National Forest
A04012,2018,4,25709,19266,62226884,NAT_073,Payette National Forest
A04012,2018,5,20702,14155,85560427,NAT_073,Payette National Forest
A04012,2018,6,41161,27761,158713994,NAT_073,Payette National Forest
A04012,2018,7,62166,42118,212727181,NAT_073,Payette National Forest
A04012,2018,8,61393,41646,207962359,NAT_073,Payette National Forest
A04012,2018,9,55706,37576,197878822,NAT_073,Payette National Forest
A04013,2018,10,69585,43504,400201356,NAT_090,Salmon-Challis National Forest
A04013,2018,11,26020,16867,158751150,NAT_090,Salmon-Challis National Forest
A04013,2018,12,5096,3563,39922565,NAT_090,Salmon-Challis National Forest
A04013,2019,1,5324,3691,40580787,NAT_090,Salmon-Challis National Forest
A04013,2019,2,5560,3765,37591885,NAT_090,Salmon-Challis National Forest
A04013,2019,3,5991,3515,24405101,NAT_090,Salmon-Challis National Forest
A04013,2019,4,6092,3194,24762366,NAT_090,Salmon-Challis National Forest
A04013,2019,5,15392,8402,59663846,NAT_090,Salmon-Challis National Forest
A04013,2019,6,56856,33507,265489186,NAT_090,Salmon-Challis National Forest
A04013,2019,7,88366,50234,358681526,NAT_090,Salmon-Challis National Forest
A04013,2019,8,92416,52864,391351791,NAT_090,Salmon-Challis National Forest
A04013,2019,9,73993,44901,396191188,NAT_090,Salmon-Challis National Forest
A04117,2020,10,86609,59810,697911193,NAT_042,Humboldt-Toiyabe National Forest -  Spring Mountains NRA
A04117,2020,11,48765,33649,448997052,NAT_042,Humboldt-Toiyabe National Forest -  Spring Mountains NRA
A04117,2020,12,81035,59247,422630367,NAT_042,Humboldt-Toiyabe National Forest -  Spring Mountains NRA
A04117,2021,1,82949,62634,446818201,NAT_042,Humboldt-Toiyabe National Forest -  Spring Mountains NRA
A04117,2021,2,65103,49596,374843411,NAT_042,Humboldt-Toiyabe National Forest -  Spring Mountains NRA
A04117,2021,3,64128,49228,419562411,NAT_042,Humboldt-Toiyabe National Forest -  Spring Mountains NRA
A04117,2021,4,71512,50988,666794667,NAT_042,Humboldt-Toiyabe National Forest -  Spring Mountains NRA
A04117,2021,5,128839,91153,1122402906,NAT_042,Humboldt-Toiyabe National Forest -  Spring Mountains NRA
A04117,2021,6,156566,110174,1081983695,NAT_042,Humboldt-Toiyabe National Forest -  Spring Mountains NRA
A04117,2021,7,178894,124502,1099829396,NAT_042,Humboldt-Toiyabe National Forest -  Spring Mountains NRA
A04117,2021,8,175765,122045,1099450830,NAT_042,Humboldt-Toiyabe National Forest -  Spring Mountains NRA
A04117,2021,9,140445,98309,1064191962,NAT_042,Humboldt-Toiyabe National Forest -  Spring Mountains NRA
A04119,2021,10,832213,634223,21712542054,NAT_094,Uinta-Wasatch-Cache National Forest
A04119,2021,11,706378,576149,12092705698,NAT_094,Uinta-Wasatch-Cache National Forest
A04119,2021,12,904834,767035,9900207689,NAT_094,Uinta-Wasatch-Cache National Forest
A04119,2022,1,919760,778714,10240156125,NAT_094,Uinta-Wasatch-Cache National Forest
A04119,2022,2,828043,701467,9217289467,NAT_094,Uinta-Wasatch-Cache National Forest
A04119,2022,3,926724,784900,10294041189,NAT_094,Uinta-Wasatch-Cache National Forest
A04119,2022,4,819979,680896,12084658359,NAT_094,Uinta-Wasatch-Cache National Forest
A04119,2022,5,825605,630166,21743781633,NAT_094,Uinta-Wasatch-Cache National Forest
A04119,2022,6,1120794,836736,33739293068,NAT_094,Uinta-Wasatch-Cache National Forest
A04119,2022,7,1407760,1045071,47674032794,NAT_094,Uinta-Wasatch-Cache National Forest
A04119,2022,8,1354407,1001674,47223830247,NAT_094,Uinta-Wasatch-Cache National Forest
A04119,2022,9,1160235,865851,36420821694,NAT_094,Uinta-Wasatch-Cache National Forest
A04217,2020,10,44658,29144,353596861,NAT_043,Humboldt-Toiyabe National Forest - Outside Spring Mountains NRA
A04217,2020,11,27741,22971,197773458,NAT_043,Humboldt-Toiyabe National Forest - Outside Spring Mountains NRA
A04217,2020,12,33780,30391,109949045,NAT_043,Humboldt-Toiyabe National Forest - Outside Spring Mountains NRA
A04217,2021,1,32335,29094,83605712,NAT_043,Humboldt-Toiyabe National Forest - Outside Spring Mountains NRA
A04217,2021,2,35280,31790,94472369,NAT_043,Humboldt-Toiyabe National Forest - Outside Spring Mountains NRA
A04217,2021,3,32403,29192,83252007,NAT_043,Humboldt-Toiyabe National Forest - Outside Spring Mountains NRA
A04217,2021,4,29299,24509,93187589,NAT_043,Humboldt-Toiyabe National Forest - Outside Spring Mountains NRA
A04217,2021,5,39312,24079,278562460,NAT_043,Humboldt-Toiyabe National Forest - Outside Spring Mountains NRA
A04217,2021,6,65321,39271,403409977,NAT_043,Humboldt-Toiyabe National Forest - Outside Spring Mountains NRA
A04217,2021,7,92638,58364,554467106,NAT_043,Humboldt-Toiyabe National Forest - Outside Spring Mountains NRA
A04217,2021,8,90085,56111,547330040,NAT_043,Humboldt-Toiyabe National Forest - Outside Spring Mountains NRA
A04217,2021,9,75022,46704,464709869,NAT_043,Humboldt-Toiyabe National Forest - Outside Spring Mountains NRA
A05001,2020,10,380209,322806,11297109585,NAT_081,Angeles National Forest
A05001,2020,11,375797,321220,11281203017,NAT_081,Angeles National Forest
A05001,2020,12,416581,364258,10697153646,NAT_081,Angeles National Forest
A05001,2021,1,433229,380607,11054573343,NAT_081,Angeles National Forest
A05001,2021,2,376649,330644,9665000117,NAT_081,Angeles National Forest
A05001,2021,3,412942,362444,10598073649,NAT_081,Angeles National Forest
A05001,2021,4,421545,366476,11002040756,NAT_081,Angeles National Forest
A05001,2021,5,505330,435357,12861977500,NAT_081,Angeles National Forest
A05001,2021,6,471601,403143,12977688664,NAT_081,Angeles National Forest
A05001,2021,7,528255,451875,13608503032,NAT_081,Angeles National Forest
A05001,2021,8,511301,436701,13527962272,NAT_081,Angeles National Forest
A05001,2021,9,480487,411652,12863772495,NAT_081,Angeles National Forest
A05002,2018,10,81016,61119,383694003,NAT_076,Cleveland National Forest
A05002,2018,11,78315,59462,372456810,NAT_076,Cleveland National Forest
A05002,2018,12,69989,53129,326506587,NAT_076,Cleveland National Forest
A05002,2019,1,64600,49083,298863041,NAT_076,Cleveland National Forest
A05002,2019,2,59495,45038,273174252,NAT_076,Cleveland National Forest
A05002,2019,3,83517,63513,401931141,NAT_076,Cleveland National Forest
A05002,2019,4,82733,62124,386095325,NAT_076,Cleveland National Forest
A05002,2019,5,87151,65231,399893681,NAT_076,Cleveland National Forest
A05002,2019,6,89596,66265,402765485,NAT_076,Cleveland National Forest
A05002,2019,7,85912,63431,384667611,NAT_076,Cleveland National Forest
A05002,2019,8,87647,65252,408274405,NAT_076,Cleveland National Forest
A05002,2019,9,84531,63385,396695021,NAT_076,Cleveland National Forest
A05003,2021,10,68068,41326,249330325,NAT_086,Eldorado National Forest
A05003,2021,11,31248,23355,87322352,NAT_086,Eldorado National Forest
A05003,2021,12,83020,72624,79758213,NAT_086,Eldorado National Forest
A05003,2022,1,81261,71400,62748979,NAT_086,Eldorado National Forest
A05003,2022,2,72871,64204,54929187,NAT_086,Eldorado National Forest
A05003,2022,3,82315,72125,72633769,NAT_086,Eldorado National Forest
A05003,2022,4,69301,58749,90000186,NAT_086,Eldorado National Forest
A05003,2022,5,41946,24546,139723701,NAT_086,Eldorado National Forest
A05003,2022,6,102438,57559,258137756,NAT_086,Eldorado National Forest
A05003,2022,7,206254,114134,423434892,NAT_086,Eldorado National Forest
A05003,2022,8,186734,103901,421062710,NAT_086,Eldorado National Forest
A05003,2022,9,128175,73355,338433194,NAT_086,Eldorado National Forest
A05004,2020,10,299103,123307,4003544793,NAT_085,Inyo National Forest
A05004,2020,11,141022,75713,1153402248,NAT_085,Inyo National Forest
A05004,2020,12,253571,154961,1415743071,NAT_085,Inyo National Forest
A05004,2021,1,265583,162277,1638458839,NAT_085,Inyo National Forest
A05004,2021,2,238640,146096,1470368092,NAT_085,Inyo National Forest
A05004,2021,3,267320,163457,1769877240,NAT_085,Inyo National Forest
A05004,2021,4,268262,161418,2090926428,NAT_085,Inyo National Forest
A05004,2021,5,273528,113899,4233789030,NAT_085,Inyo National Forest
A05004,2021,6,461226,186168,5888809813,NAT_085,Inyo National Forest
A05004,2021,7,715135,292207,8912754398,NAT_085,Inyo National Forest
A05004,2021,8,719814,293945,9022182392,NAT_085,Inyo National Forest
A05004,2021,9,537510,218623,6436806808,NAT_085,Inyo National Forest
A05005,2017,10,28432,18795,91043112,NAT_083,Klamath National Forest
A05005,2017,11,6185,4164,34903135,NAT_083,Klamath National Forest
A05005,2017,12,5361,3815,15137031,NAT_083,Klamath National Forest
A05005,2018,1,6224,4393,17767077,NAT_083,Klamath National Forest
A05005,2018,2,5177,3578,16219202,NAT_083,Klamath National Forest
A05005,2018,3,5086,3438,18474441,NAT_083,Klamath National Forest
A05005,2018,4,1916,1284,8729607,NAT_083,Klamath National Forest
A05005,2018,5,10421,6811,44196086,NAT_083,Klamath National Forest
A05005,2018,6,28079,18285,98979709,NAT_083,Klamath National Forest
A05005,2018,7,36281,23285,109826264,NAT_083,Klamath National Forest
A05005,2018,8,34869,22525,108821421,NAT_083,Klamath National Forest
A05005,2018,9,33594,21948,104492762,NAT_083,Klamath National Forest
A05007,2018,10,96642,68925,344467859,NAT_080,Los Padres National Forest
A05007,2018,11,87320,62468,321838444,NAT_080,Los Padres National Forest
A05007,2018,12,98107,71542,366881621,NAT_080,Los Padres National Forest
A05007,2019,1,103128,75933,372928068,NAT_080,Los Padres National Forest
A05007,2019,2,94813,69672,331845295,NAT_080,Los Padres National Forest
A05007,2019,3,113847,82742,439074094,NAT_080,Los Padres National Forest
A05007,2019,4,107850,77346,418702316,NAT_080,Los Padres National Forest
A05007,2019,5,126655,90270,469697157,NAT_080,Los Padres National Forest
A05007,2019,6,143903,102877,495394065,NAT_080,Los Padres National Forest
A05007,2019,7,143081,101840,512250807,NAT_080,Los Padres National Forest
A05007,2019,8,145664,104112,556293274,NAT_080,Los Padres National Forest
A05007,2019,9,136612,99152,560366500,NAT_080,Los Padres National Forest
A05008,2017,10,34118,26975,139190705,NAT_075,Mendocino National Forest
A05008,2017,11,21573,17013,100844780,NAT_075,Mendocino National Forest
A05008,2017,12,17342,13884,103695954,NAT_075,Mendocino National Forest
A05008,2018,1,17041,13625,101964794,NAT_075,Mendocino National Forest
A05008,2018,2,16064,12924,94565047,NAT_075,Mendocino National Forest
A05008,2018,3,17474,13830,105173096,NAT_075,Mendocino National Forest
A05008,2018,4,25169,20719,75276853,NAT_075,Mendocino National Forest
A05008,2018,5,35219,29030,96464410,NAT_075,Mendocino National Forest
A05008,2018,6,37996,30314,140343218,NAT_075,Mendocino National Forest
A05008,2018,7,41358,32927,148630301,NAT_075,Mendocino National Forest
A05008,2018,8,39336,30967,150544965,NAT_075,Mendocino National Forest
A05008,2018,9,36362,28649,120996295,NAT_075,Mendocino National Forest
A05009,2020,10,17146,12614,207938375,NAT_077,Modoc National Forest
A05009,2020,11,3706,2947,55469850,NAT_077,Modoc National Forest
A05009,2020,12,2850,2340,46749083,NAT_077,Modoc National Forest
A05009,2021,1,2450,1978,38002218,NAT_077,Modoc National Forest
A05009,2021,2,2205,1780,34565245,NAT_077,Modoc National Forest
A05009,2021,3,2434,1965,38468500,NAT_077,Modoc National Forest
A05009,2021,4,5460,4138,68515576,NAT_077,Modoc National Forest
A05009,2021,5,10217,7662,126356160,NAT_077,Modoc National Forest
A05009,2021,6,15200,11313,181005776,NAT_077,Modoc National Forest
A05009,2021,7,17705,12753,179793490,NAT_077,Modoc National Forest
A05009,2021,8,17735,12769,179648841,NAT_077,Modoc National Forest
A05009,2021,9,16860,12219,176763808,NAT_077,Modoc National Forest
A05010,2017,10,17979,11764,58366994,NAT_082,Six Rivers National Forest
A05010,2017,11,9968,6516,29277050,NAT_082,Six Rivers National Forest
A05010,2017,12,9974,6578,30251324,NAT_082,Six Rivers National Forest
A05010,2018,1,8545,5591,24380881,NAT_082,Six Rivers National Forest
A05010,2018,2,7624,4970,21098058,NAT_082,Six Rivers National Forest
A05010,2018,3,8775,5710,23937081,NAT_082,Six Rivers National Forest
A05010,2018,4,8582,5577,23413824,NAT_082,Six Rivers National Forest
A05010,2018,5,15778,10506,43544135,NAT_082,Six Rivers National Forest
A05010,2018,6,39376,26365,121382689,NAT_082,Six Rivers National Forest
A05010,2018,7,45971,31131,140194430,NAT_082,Six Rivers National Forest
A05010,2018,8,45648,31066,141848587,NAT_082,Six Rivers National Forest
A05010,2018,9,30691,20078,87075883,NAT_082,Six Rivers National Forest
A05012,2018,10,231405,167463,8599110447,NAT_079,San Bernardino National Forest
A05012,2018,11,194792,143308,7887838576,NAT_079,San Bernardino National Forest
A05012,2018,12,291466,246850,6478155518,NAT_079,San Bernardino National Forest
A05012,2019,1,280066,238512,6138117322,NAT_079,San Bernardino National Forest
A05012,2019,2,261200,221609,5787485025,NAT_079,San Bernardino National Forest
A05012,2019,3,270193,221727,6795058451,NAT_079,San Bernardino National Forest
A05012,2019,4,193799,143579,7699341732,NAT_079,San Bernardino National Forest
A05012,2019,5,266858,192550,8663442375,NAT_079,San Bernardino National Forest
A05012,2019,6,341880,246374,9543270899,NAT_079,San Bernardino National Forest
A05012,2019,7,339195,244441,9700535305,NAT_079,San Bernardino National Forest
A05012,2019,8,343259,247359,9716855640,NAT_079,San Bernardino National Forest
A05012,2019,9,302380,217424,8870712749,NAT_079,San Bernardino National Forest
A05013,2020,10,61871,48641,1030649647,NAT_084,Sequoia National Forest
A05013,2020,11,53032,42842,986464854,NAT_084,Sequoia National Forest
A05013,2020,12,46760,38737,926376126,NAT_084,Sequoia National Forest
A05013,2021,1,40007,32505,734441481,NAT_084,Sequoia National Forest
A05013,2021,2,36132,29364,665487765,NAT_084,Sequoia National Forest
A05013,2021,3,40714,34241,813639611,NAT_084,Sequoia National Forest
A05013,2021,4,56350,45219,934421190,NAT_084,Sequoia National Forest
A05013,2021,5,77728,60078,1215223378,NAT_084,Sequoia National Forest
A05013,2021,6,101819,74651,1324255821,NAT_084,Sequoia National Forest
A05013,2021,7,117791,85144,1360624915,NAT_084,Sequoia National Forest
A05013,2021,8,116655,84552,1361608958,NAT_084,Sequoia National Forest
A05013,2021,9,87192,65400,1265090371,NAT_084,Sequoia National Forest
A05014,2017,10,138865,86557,1058391217,NAT_078,Shasta-Trinity National Forest
A05014,2017,11,72911,45015,527257437,NAT_078,Shasta-Trinity National Forest
A05014,2017,12,55108,35921,427185798,NAT_078,Shasta-Trinity National Forest
A05014,2018,1,57706,36881,418288514,NAT_078,Shasta-Trinity National Forest
A05014,2018,2,53275,34050,386109505,NAT_078,Shasta-Trinity National Forest
A05014,2018,3,59166,38549,453348642,NAT_078,Shasta-Trinity National Forest
A05014,2018,4,99104,64065,782813414,NAT_078,Shasta-Trinity National Forest
A05014,2018,5,152721,98919,1181900017,NAT_078,Shasta-Trinity National Forest
A05014,2018,6,193194,122835,1319644363,NAT_078,Shasta-Trinity National Forest
A05014,2018,7,218271,138212,1444527529,NAT_078,Shasta-Trinity National Forest
A05014,2018,8,207487,131508,1402712520,NAT_078,Shasta-Trinity National Forest
A05014,2018,9,191162,121556,1353064658,NAT_078,Shasta-Trinity National Forest
A05015,2021,10,29503,16588,316064125,NAT_097,Sierra National Forest
A05015,2021,11,23288,14035,248652849,NAT_097,Sierra National Forest
A05015,2021,12,52856,33328,316010131,NAT_097,Sierra National Forest
A05015,2022,1,69466,44945,462196170,NAT_097,Sierra National Forest
A05015,2022,2,61430,39660,392149487,NAT_097,Sierra National Forest
A05015,2022,3,71416,45173,590935113,NAT_097,Sierra National Forest
A05015,2022,4,52308,31753,652837096,NAT_097,Sierra National Forest
A05015,2022,5,96829,51512,1303115711,NAT_097,Sierra National Forest
A05015,2022,6,220957,113704,2439430948,NAT_097,Sierra National Forest
A05015,2022,7,351268,176610,2841555815,NAT_097,Sierra National Forest
A05015,2022,8,342811,167419,2709613935,NAT_097,Sierra National Forest
A05015,2022,9,157422,79073,1285692728,NAT_097,Sierra National Forest
A05016,2021,10,106938,51587,633180870,NAT_074,Stanislaus National Forest
A05016,2021,11,62337,32197,452432444,NAT_074,Stanislaus National Forest
A05016,2021,12,70070,40625,339700415,NAT_074,Stanislaus National Forest
A05016,2022,1,99003,59124,314377186,NAT_074,Stanislaus National Forest
A05016,2022,2,76445,47779,255774811,NAT_074,Stanislaus National Forest
A05016,2022,3,64595,43420,199551060,NAT_074,Stanislaus National Forest
A05016,2022,4,62778,37395,316106248,NAT_074,Stanislaus National Forest
A05016,2022,5,129457,62678,692476394,NAT_074,Stanislaus National Forest
A05016,2022,6,240481,112888,1049775410,NAT_074,Stanislaus National Forest
A05016,2022,7,320362,149352,1286202365,NAT_074,Stanislaus National Forest
A05016,2022,8,288960,134023,1158301202,NAT_074,Stanislaus National Forest
A05016,2022,9,178314,83769,872340531,NAT_074,Stanislaus National Forest
A06001,2017,10,186966,111239,1374989030,NAT_107,Deschutes National Forest
A06001,2017,11,100956,71428,544633717,NAT_107,Deschutes National Forest
A06001,2017,12,140442,109488,443185738,NAT_107,Deschutes National Forest
A06001,2018,1,147332,114962,483121867,NAT_107,Deschutes National Forest
A06001,2018,2,131750,102851,428395620,NAT_107,Deschutes National Forest
A06001,2018,3,129979,102681,343265079,NAT_107,Deschutes National Forest
A06001,2018,4,159916,120028,628369894,NAT_107,Deschutes National Forest
A06001,2018,5,313267,212759,1473311222,NAT_107,Deschutes National Forest
A06001,2018,6,455164,275467,2504283604,NAT_107,Deschutes National Forest
A06001,2018,7,549964,331115,2849390050,NAT_107,Deschutes National Forest
A06001,2018,8,544446,326943,2809308365,NAT_107,Deschutes National Forest
A06001,2018,9,345032,207781,2184548033,NAT_107,Deschutes National Forest
A06003,2020,10,88626,47724,806422786,NAT_110,Gifford Pinchot National Forest
A06003,2020,11,47748,29212,463297002,NAT_110,Gifford Pinchot National Forest
A06003,2020,12,19915,10726,189459357,NAT_110,Gifford Pinchot National Forest
A06003,2021,1,20004,10298,179759334,NAT_110,Gifford Pinchot National Forest
A06003,2021,2,17934,9196,156984831,NAT_110,Gifford Pinchot National Forest
A06003,2021,3,20606,10633,189278841,NAT_110,Gifford Pinchot National Forest
A06003,2021,4,41229,22614,416273540,NAT_110,Gifford Pinchot National Forest
A06003,2021,5,79712,42652,618196108,NAT_110,Gifford Pinchot National Forest
A06003,2021,6,148824,73653,834943698,NAT_110,Gifford Pinchot National Forest
A06003,2021,7,254125,126490,969889831,NAT_110,Gifford Pinchot National Forest
A06003,2021,8,251408,124970,958075379,NAT_110,Gifford Pinchot National Forest
A06003,2021,9,159444,80573,870870203,NAT_110,Gifford Pinchot National Forest
A06004,2018,10,18580,13582,27751378,NAT_087,Malheur National Forest
A06004,2018,11,12604,8908,18661952,NAT_087,Malheur National Forest
A06004,2018,12,656,460,789310,NAT_087,Malheur National Forest
A06004,2019,1,1247,904,2044807,NAT_087,Malheur National Forest
A06004,2019,2,1031,754,1833689,NAT_087,Malheur National Forest
A06004,2019,3,384,283,715794,NAT_087,Malheur National Forest
A06004,2019,4,351,280,802039,NAT_087,Malheur National Forest
A06004,2019,5,3880,2616,5235951,NAT_087,Malheur National Forest
A06004,2019,6,12177,8301,16733433,NAT_087,Malheur National Forest
A06004,2019,7,19194,13333,24874530,NAT_087,Malheur National Forest
A06004,2019,8,18464,12786,24357714,NAT_087,Malheur National Forest
A06004,2019,9,19163,13581,28124237,NAT_087,Malheur National Forest
A06005,2019,10,122845,112193,4525606783,NAT_105,Mt. Baker-Snoqualmie National Forest
A06005,2019,11,100365,92648,3274349278,NAT_105,Mt. Baker-Snoqualmie National Forest
A06005,2019,12,126823,118745,1883061527,NAT_105,Mt. Baker-Snoqualmie National Forest
A06005,2020,1,112739,105896,1143666025,NAT_105,Mt. Baker-Snoqualmie National Forest
A06005,2020,2,105267,98859,996412796,NAT_105,Mt. Baker-Snoqualmie National Forest
A06005,2020,3,112237,105496,1413749092,NAT_105,Mt. Baker-Snoqualmie National Forest
A06005,2020,4,90666,85205,3321718961,NAT_105,Mt. Baker-Snoqualmie National Forest
A06005,2020,5,150911,139189,6587051404,NAT_105,Mt. Baker-Snoqualmie National Forest
A06005,2020,6,234389,215518,8074891391,NAT_105,Mt. Baker-Snoqualmie National Forest
A06005,2020,7,339969,312418,10505240993,NAT_105,Mt. Baker-Snoqualmie National Forest
A06005,2020,8,356693,327983,10591188532,NAT_105,Mt. Baker-Snoqualmie National Forest
A06005,2020,9,269552,247253,8748527545,NAT_105,Mt. Baker-Snoqualmie National Forest
A06006,2020,10,144429,102833,2003337702,NAT_109,Mt. Hood National Forest
A06006,2020,11,156409,114036,1581270971,NAT_109,Mt. Hood National Forest
A06006,2020,12,259406,187602,1895415948,NAT_109,Mt. Hood National Forest
A06006,2021,1,268335,193247,1904499577,NAT_109,Mt. Hood National Forest
A06006,2021,2,227357,164935,1589189968,NAT_109,Mt. Hood National Forest
A06006,2021,3,213534,157628,1687361520,NAT_109,Mt. Hood National Forest
A06006,2021,4,153115,111232,1019798643,NAT_109,Mt. Hood National Forest
A06006,2021,5,189319,133916,1541452274,NAT_109,Mt. Hood National Forest
A06006,2021,6,301594,209516,2568391076,NAT_109,Mt. Hood National Forest
A06006,2021,7,404377,278342,3785731096,NAT_109,Mt. Hood National Forest
A06006,2021,8,400928,276387,3883655886,NAT_109,Mt. Hood National Forest
A06006,2021,9,285308,197745,2836988243,NAT_109,Mt. Hood National Forest
A06007,2017,10,23399,15613,31464836,NAT_106,Ochoco National Forest
A06007,2017,11,9123,5998,12576643,NAT_106,Ochoco National Forest
A06007,2017,12,5798,3882,8413728,NAT_106,Ochoco National Forest
A06007,2018,1,4333,2818,5047869,NAT_106,Ochoco National Forest
A06007,2018,2,3993,2601,4774034,NAT_106,Ochoco National Forest
A06007,2018,3,6280,4150,8848991,NAT_106,Ochoco National Forest
A06007,2018,4,11278,7308,13224467,NAT_106,Ochoco National Forest
A06007,2018,5,20242,13348,25467929,NAT_106,Ochoco National Forest
A06007,2018,6,26793,17794,34898199,NAT_106,Ochoco National Forest
A06007,2018,7,23732,15650,28578415,NAT_106,Ochoco National Forest
A06007,2018,8,21437,14108,24897282,NAT_106,Ochoco National Forest
A06007,2018,9,20019,13062,21379832,NAT_106,Ochoco National Forest
A06012,2021,10,275335,180821,3422272545,NAT_088,Siuslaw National Forest
A06012,2021,11,215067,148123,2887588591,NAT_088,Siuslaw National Forest
A06012,2021,12,154390,116262,2003789497,NAT_088,Siuslaw National Forest
A06012,2022,1,151939,114841,1982558015,NAT_088,Siuslaw National Forest
A06012,2022,2,136378,103329,1780001404,NAT_088,Siuslaw National Forest
A06012,2022,3,179099,129966,2167844734,NAT_088,Siuslaw National Forest
A06012,2022,4,210295,145392,2483837404,NAT_088,Siuslaw National Forest
A06012,2022,5,250419,168827,2808305328,NAT_088,Siuslaw National Forest
A06012,2022,6,300734,194773,3074655659,NAT_088,Siuslaw National Forest
A06012,2022,7,366373,232120,3583407532,NAT_088,Siuslaw National Forest
A06012,2022,8,349941,223479,3489457847,NAT_088,Siuslaw National Forest
A06012,2022,9,324584,207423,3379825977,NAT_088,Siuslaw National Forest
A06014,2018,10,27579,19807,91364056,NAT_103,Umatilla National Forest
A06014,2018,11,17973,13265,63034056,NAT_103,Umatilla National Forest
A06014,2018,12,10417,9487,13156806,NAT_103,Umatilla National Forest
A06014,2019,1,13815,12896,13021689,NAT_103,Umatilla National Forest
A06014,2019,2,14336,13571,10719761,NAT_103,Umatilla National Forest
A06014,2019,3,14530,13519,13417548,NAT_103,Umatilla National Forest
A06014,2019,4,6610,4766,22192100,NAT_103,Umatilla National Forest
A06014,2019,5,16989,11936,51932133,NAT_103,Umatilla National Forest
A06014,2019,6,24897,17473,74307653,NAT_103,Umatilla National Forest
A06014,2019,7,34428,23767,87426061,NAT_103,Umatilla National Forest
A06014,2019,8,35722,24855,90987117,NAT_103,Umatilla National Forest
A06014,2019,9,36979,26158,102501457,NAT_103,Umatilla National Forest
A06015,2021,10,81872,42918,180984637,NAT_114,Umpqua National Forest
A06015,2021,11,36160,22129,111096528,NAT_114,Umpqua National Forest
A06015,2021,12,24128,14212,67366202,NAT_114,Umpqua National Forest
A06015,2022,1,28555,14786,65020703,NAT_114,Umpqua National Forest
A06015,2022,2,26569,13605,59857911,NAT_114,Umpqua National Forest
A06015,2022,3,32389,16739,71252790,NAT_114,Umpqua National Forest
A06015,2022,4,33769,18170,81633804,NAT_114,Umpqua National Forest
A06015,2022,5,75547,37163,135211380,NAT_114,Umpqua National Forest
A06015,2022,6,131614,62764,203303246,NAT_114,Umpqua National Forest
A06015,2022,7,175764,81223,266468221,NAT_114,Umpqua National Forest
A06015,2022,8,168307,78571,259459215,NAT_114,Umpqua National Forest
A06015,2022,9,120872,59300,209320776,NAT_114,Umpqua National Forest
A06016,2018,10,46120,30875,115263688,NAT_100,Wallowa-Whitman National Forest
A06016,2018,11,16153,10691,38867955,NAT_100,Wallowa-Whitman National Forest
A06016,2018,12,7621,6229,4562248,NAT_100,Wallowa-Whitman National Forest
A06016,2019,1,11557,10058,5221339,NAT_100,Wallowa-Whitman National Forest
A06016,2019,2,10280,8848,5268809,NAT_100,Wallowa-Whitman National Forest
A06016,2019,3,14081,11498,9745993,NAT_100,Wallowa-Whitman National Forest
A06016,2019,4,11105,8005,12314798,NAT_100,Wallowa-Whitman National Forest
A06016,2019,5,20230,12713,36334473,NAT_100,Wallowa-Whitman National Forest
A06016,2019,6,35397,22451,62487684,NAT_100,Wallowa-Whitman National Forest
A06016,2019,7,58100,36677,108345690,NAT_100,Wallowa-Whitman National Forest
A06016,2019,8,61015,38415,112291993,NAT_100,Wallowa-Whitman National Forest
A06016,2019,9,53543,34695,118298691,NAT_100,Wallowa-Whitman National Forest
A06018,2021,10,147505,93248,725772494,NAT_098,Willamette National Forest
A06018,2021,11,56748,36219,273029513,NAT_098,Willamette National Forest
A06018,2021,12,76011,54207,262376434,NAT_098,Willamette National Forest
A06018,2022,1,100371,75093,265842913,NAT_098,Willamette National Forest
A06018,2022,2,88162,66469,236678313,NAT_098,Willamette National Forest
A06018,2022,3,101542,76021,280422125,NAT_098,Willamette National Forest
A06018,2022,4,97120,66392,315820803,NAT_098,Willamette National Forest
A06018,2022,5,131807,79986,455396209,NAT_098,Willamette National Forest
A06018,2022,6,196959,117205,686250466,NAT_098,Willamette National Forest
A06018,2022,7,288234,167190,925347999,NAT_098,Willamette National Forest
A06018,2022,8,273836,158723,892792364,NAT_098,Willamette National Forest
A06018,2022,9,216119,126489,816337264,NAT_098,Willamette National Forest
A06021,2018,10,28078,23157,64610162,NAT_101,Colville National Forest
A06021,2018,11,13331,11800,22311358,NAT_101,Colville National Forest
A06021,2018,12,21289,20228,8574515,NAT_101,Colville National Forest
A06021,2019,1,21368,20129,11938750,NAT_101,Colville National Forest
A06021,2019,2,18427,17371,10024339,NAT_101,Colville National Forest
A06021,2019,3,20114,19061,9002495,NAT_101,Colville National Forest
A06021,2019,4,7362,6773,4955215,NAT_101,Colville National Forest
A06021,2019,5,12790,10173,21869465,NAT_101,Colville National Forest
A06021,2019,6,30669,24156,50364163,NAT_101,Colville National Forest
A06021,2019,7,70903,56363,107119396,NAT_101,Colville National Forest
A06021,2019,8,72160,57351,110885255,NAT_101,Colville National Forest
A06021,2019,9,41227,33433,83309442,NAT_101,Colville National Forest
A06022,2020,10,193189,119437,3301751649,NAT_108,Columbia River Gorge National Scenic Area
A06022,2020,11,131469,79166,2724065277,NAT_108,Columbia River Gorge National Scenic Area
A06022,2020,12,107481,62916,2482747846,NAT_108,Columbia River Gorge National Scenic Area
A06022,2021,1,105535,62540,2267337338,NAT_108,Columbia River Gorge National Scenic Area
A06022,2021,2,109410,65316,2051897748,NAT_108,Columbia River Gorge National Scenic Area
A06022,2021,3,195300,119147,3126105801,NAT_108,Columbia River Gorge National Scenic Area
A06022,2021,4,218399,135218,3355470682,NAT_108,Columbia River Gorge National Scenic Area
A06022,2021,5,352825,223582,4835750260,NAT_108,Columbia River Gorge National Scenic Area
A06022,2021,6,406710,254629,5856425024,NAT_108,Columbia River Gorge National Scenic Area
A06022,2021,7,534123,330138,6431591815,NAT_108,Columbia River Gorge National Scenic Area
A06022,2021,8,519277,320371,6289425476,NAT_108,Columbia River Gorge National Scenic Area
A06022,2021,9,367758,224339,4222711048,NAT_108,Columbia River Gorge National Scenic Area
A06102,2017,10,41293,27639,396961828,NAT_099,Fremont-Winema National Forest
A06102,2017,11,22598,15403,239255990,NAT_099,Fremont-Winema National Forest
A06102,2017,12,3586,2343,9873129,NAT_099,Fremont-Winema National Forest
A06102,2018,1,3387,2212,8264914,NAT_099,Fremont-Winema National Forest
A06102,2018,2,3110,2030,7856784,NAT_099,Fremont-Winema National Forest
A06102,2018,3,3214,2098,6456640,NAT_099,Fremont-Winema National Forest
A06102,2018,4,3433,2431,20957911,NAT_099,Fremont-Winema National Forest
A06102,2018,5,20079,13701,121768015,NAT_099,Fremont-Winema National Forest
A06102,2018,6,41732,28123,292144321,NAT_099,Fremont-Winema National Forest
A06102,2018,7,49214,32797,344098126,NAT_099,Fremont-Winema National Forest
A06102,2018,8,48176,32157,368810924,NAT_099,Fremont-Winema National Forest
A06102,2018,9,50761,33710,471897540,NAT_099,Fremont-Winema National Forest
A06110,2021,10,55289,36360,115999618,NAT_104,Rogue River-Siskiyou National Forests
A06110,2021,11,32723,21363,71258512,NAT_104,Rogue River-Siskiyou National Forests
A06110,2021,12,44092,31556,58814422,NAT_104,Rogue River-Siskiyou National Forests
A06110,2022,1,53922,41733,57403156,NAT_104,Rogue River-Siskiyou National Forests
A06110,2022,2,47123,36807,49544558,NAT_104,Rogue River-Siskiyou National Forests
A06110,2022,3,51636,40757,55027044,NAT_104,Rogue River-Siskiyou National Forests
A06110,2022,4,28800,18223,58705664,NAT_104,Rogue River-Siskiyou National Forests
A06110,2022,5,61394,36985,100083685,NAT_104,Rogue River-Siskiyou National Forests
A06110,2022,6,105132,62805,164619010,NAT_104,Rogue River-Siskiyou National Forests
A06110,2022,7,151933,92576,230737807,NAT_104,Rogue River-Siskiyou National Forests
A06110,2022,8,142944,86582,222358099,NAT_104,Rogue River-Siskiyou National Forests
A06110,2022,9,91909,56226,153457928,NAT_104,Rogue River-Siskiyou National Forests
A06117,2019,10,342419,296304,12964263542,NAT_102,Okanogan-Wenatchee National Forest
A06117,2019,11,260570,223592,12041079028,NAT_102,Okanogan-Wenatchee National Forest
A06117,2019,12,280056,243153,12329732715,NAT_102,Okanogan-Wenatchee National Forest
A06117,2020,1,300674,263187,12456482396,NAT_102,Okanogan-Wenatchee National Forest
A06117,2020,2,283725,248555,11681888664,NAT_102,Okanogan-Wenatchee National Forest
A06117,2020,3,294252,256941,12452566235,NAT_102,Okanogan-Wenatchee National Forest
A06117,2020,4,240156,205003,11692332985,NAT_102,Okanogan-Wenatchee National Forest
A06117,2020,5,319359,275084,12748279822,NAT_102,Okanogan-Wenatchee National Forest
A06117,2020,6,380821,329511,12771130190,NAT_102,Okanogan-Wenatchee National Forest
A06117,2020,7,470038,409032,13674140125,NAT_102,Okanogan-Wenatchee National Forest
A06117,2020,8,492888,429957,13873026535,NAT_102,Okanogan-Wenatchee National Forest
A06117,2020,9,441209,384255,13329092102,NAT_102,Okanogan-Wenatchee National Forest
A08001,2018,10,61495,52310,1241610046,NAT_133,National Forests in Alabama
A08001,2018,11,61834,53080,1309268569,NAT_133,National Forests in Alabama
A08001,2018,12,63883,55227,1365197293,NAT_133,National Forests in Alabama
A08001,2019,1,55037,46992,1271247417,NAT_133,National Forests in Alabama
A08001,2019,2,39558,33411,824241883,NAT_133,National Forests in Alabama
A08001,2019,3,68602,59705,1200431127,NAT_133,National Forests in Alabama
A08001,2019,4,71858,62926,1155230025,NAT_133,National Forests in Alabama
A08001,2019,5,59841,50914,1118214000,NAT_133,National Forests in Alabama
A08001,2019,6,63546,53840,1195270574,NAT_133,National Forests in Alabama
A08001,2019,7,59842,50628,1122060258,NAT_133,National Forests in Alabama
A08001,2019,8,61286,52000,1173641972,NAT_133,National Forests in Alabama
A08001,2019,9,58358,49676,1133326033,NAT_133,National Forests in Alabama
A08002,2021,10,201701,113506,1158814118,NAT_118,Daniel Boone National Forest
A08002,2021,11,147924,87369,1128443177,NAT_118,Daniel Boone National Forest
A08002,2021,12,50912,36560,597153379,NAT_118,Daniel Boone National Forest
A08002,2022,1,53201,38397,609865473,NAT_118,Daniel Boone National Forest
A08002,2022,2,45180,32696,532642547,NAT_118,Daniel Boone National Forest
A08002,2022,3,83527,57792,773447667,NAT_118,Daniel Boone National Forest
A08002,2022,4,200963,116019,1246722953,NAT_118,Daniel Boone National Forest
A08002,2022,5,220126,129976,1240769237,NAT_118,Daniel Boone National Forest
A08002,2022,6,206632,122687,1125309163,NAT_118,Daniel Boone National Forest
A08002,2022,7,246101,147256,1361542197,NAT_118,Daniel Boone National Forest
A08002,2022,8,209314,122683,1150423273,NAT_118,Daniel Boone National Forest
A08002,2022,9,211373,125714,1196221262,NAT_118,Daniel Boone National Forest
A08003,2018,10,287002,209382,4497780095,NAT_132,Chattahoochee-Oconee National Forests
A08003,2018,11,248473,180907,4042302818,NAT_132,Chattahoochee-Oconee National Forests
A08003,2018,12,240961,175331,4089427655,NAT_132,Chattahoochee-Oconee National Forests
A08003,2019,1,127654,94718,2179775895,NAT_132,Chattahoochee-Oconee National Forests
A08003,2019,2,120521,89221,2024589871,NAT_132,Chattahoochee-Oconee National Forests
A08003,2019,3,187558,134124,3452078170,NAT_132,Chattahoochee-Oconee National Forests
A08003,2019,4,262758,185289,4569911313,NAT_132,Chattahoochee-Oconee National Forests
A08003,2019,5,292956,207205,4780200679,NAT_132,Chattahoochee-Oconee National Forests
A08003,2019,6,302226,213136,4705294335,NAT_132,Chattahoochee-Oconee National Forests
A08003,2019,7,325585,229777,4875453991,NAT_132,Chattahoochee-Oconee National Forests
A08003,2019,8,325663,230121,4920995562,NAT_132,Chattahoochee-Oconee National Forests
A08003,2019,9,287385,203624,4496149031,NAT_132,Chattahoochee-Oconee National Forests
A08004,2021,10,214636,156585,1788432694,NAT_120,Cherokee National Forest
A08004,2021,11,116449,87806,1448383724,NAT_120,Cherokee National Forest
A08004,2021,12,90331,68923,1275826250,NAT_120,Cherokee National Forest
A08004,2022,1,56280,42674,800649336,NAT_120,Cherokee National Forest
A08004,2022,2,44294,33555,623715590,NAT_120,Cherokee National Forest
A08004,2022,3,111876,83180,989229046,NAT_120,Cherokee National Forest
A08004,2022,4,203547,149628,1749138491,NAT_120,Cherokee National Forest
A08004,2022,5,249865,182248,1890161040,NAT_120,Cherokee National Forest
A08004,2022,6,269310,194108,1795668231,NAT_120,Cherokee National Forest
A08004,2022,7,294715,211905,1888859171,NAT_120,Cherokee National Forest
A08004,2022,8,271399,195750,1823571503,NAT_120,Cherokee National Forest
A08004,2022,9,231357,167602,1620309587,NAT_120,Cherokee National Forest
A08005,2020,10,138420,89704,1335804970,NAT_131,National Forests in Florida
A08005,2020,11,149858,99555,1478929968,NAT_131,National Forests in Florida
A08005,2020,12,151188,101001,1485167820,NAT_131,National Forests in Florida
A08005,2021,1,155236,102759,1551029725,NAT_131,National Forests in Florida
A08005,2021,2,136798,90991,1366406145,NAT_131,National Forests in Florida
A08005,2021,3,149990,100053,1484888997,NAT_131,National Forests in Florida
A08005,2021,4,137593,90630,1280659895,NAT_131,National Forests in Florida
A08005,2021,5,145378,94875,1372151617,NAT_131,National Forests in Florida
A08005,2021,6,133169,88051,1262522879,NAT_131,National Forests in Florida
A08005,2021,7,140414,92662,1333474526,NAT_131,National Forests in Florida
A08005,2021,8,140073,92384,1331219486,NAT_131,National Forests in Florida
A08005,2021,9,132111,87149,1260174152,NAT_131,National Forests in Florida
A08007,2018,10,143715,112093,6156494000,NAT_113,National Forests in Mississippi
A08007,2018,11,156562,123795,5996597570,NAT_113,National Forests in Mississippi
A08007,2018,12,207958,164309,6336005958,NAT_113,National Forests in Mississippi
A08007,2019,1,165881,128473,6614009983,NAT_113,National Forests in Mississippi
A08007,2019,2,128310,99010,6162465015,NAT_113,National Forests in Mississippi
A08007,2019,3,146905,113274,6950172795,NAT_113,National Forests in Mississippi
A08007,2019,4,140929,108681,6597619808,NAT_113,National Forests in Mississippi
A08007,2019,5,100972,77710,4553668544,NAT_113,National Forests in Mississippi
A08007,2019,6,66834,51539,2827897941,NAT_113,National Forests in Mississippi
A08007,2019,7,61226,47226,2546417912,NAT_113,National Forests in Mississippi
A08007,2019,8,65557,50524,2755931767,NAT_113,National Forests in Mississippi
A08007,2019,9,62194,47878,2722284899,NAT_113,National Forests in Mississippi
A08008,2020,10,264185,203977,4633391192,NAT_119,George Washington and Jefferson National Forest
A08008,2020,11,246067,193325,4929739757,NAT_119,George Washington and Jefferson National Forest
A08008,2020,12,176061,137065,3639630571,NAT_119,George Washington and Jefferson National Forest
A08008,2021,1,122142,94185,2522668503,NAT_119,George Washington and Jefferson National Forest
A08008,2021,2,95256,73223,1907151031,NAT_119,George Washington and Jefferson National Forest
A08008,2021,3,121714,93818,2411480541,NAT_119,George Washington and Jefferson National Forest
A08008,2021,4,201696,154317,3800787209,NAT_119,George Washington and Jefferson National Forest
A08008,2021,5,261468,198579,4254486639,NAT_119,George Washington and Jefferson National Forest
A08008,2021,6,284515,214382,4251437325,NAT_119,George Washington and Jefferson National Forest
A08008,2021,7,309589,234240,4518837116,NAT_119,George Washington and Jefferson National Forest
A08008,2021,8,306294,231157,4481978958,NAT_119,George Washington and Jefferson National Forest
A08008,2021,9,273009,208934,4308835011,NAT_119,George Washington and Jefferson National Forest
A08011,2017,10,784327,560673,53003464090,NAT_112,National Forests in North Carolina
A08011,2017,11,572822,415366,38743604286,NAT_112,National Forests in North Carolina
A08011,2017,12,506345,369968,33533924915,NAT_112,National Forests in North Carolina
A08011,2018,1,409303,299800,27943966286,NAT_112,National Forests in North Carolina
A08011,2018,2,379019,278008,25691536382,NAT_112,National Forests in North Carolina
A08011,2018,3,551455,403212,38117460880,NAT_112,National Forests in North Carolina
A08011,2018,4,709767,512422,49850757923,NAT_112,National Forests in North Carolina
A08011,2018,5,781546,560148,54313205993,NAT_112,National Forests in North Carolina
A08011,2018,6,901070,641654,59685997372,NAT_112,National Forests in North Carolina
A08011,2018,7,928674,657545,61986052924,NAT_112,National Forests in North Carolina
A08011,2018,8,884471,627046,58602156027,NAT_112,National Forests in North Carolina
A08011,2018,9,781269,556372,51626518423,NAT_112,National Forests in North Carolina
A08012,2017,10,233872,186405,7055290787,NAT_111,Francis Marion and Sumter National Forests
A08012,2017,11,153176,121156,4579574897,NAT_111,Francis Marion and Sumter National Forests
A08012,2017,12,123898,98591,3700736575,NAT_111,Francis Marion and Sumter National Forests
A08012,2018,1,48888,39804,1415456603,NAT_111,Francis Marion and Sumter National Forests
A08012,2018,2,43987,35799,1266569285,NAT_111,Francis Marion and Sumter National Forests
A08012,2018,3,85134,68534,2571868783,NAT_111,Francis Marion and Sumter National Forests
A08012,2018,4,204097,163052,6222573901,NAT_111,Francis Marion and Sumter National Forests
A08012,2018,5,100250,76812,2496282678,NAT_111,Francis Marion and Sumter National Forests
A08012,2018,6,95124,73046,2390103479,NAT_111,Francis Marion and Sumter National Forests
A08012,2018,7,86756,67613,2257537236,NAT_111,Francis Marion and Sumter National Forests
A08012,2018,8,83064,65093,2095745306,NAT_111,Francis Marion and Sumter National Forests
A08012,2018,9,186283,148720,5472409523,NAT_111,Francis Marion and Sumter National Forests
A08013,2017,10,86171,48454,224191699,NAT_121,National Forests in Texas
A08013,2017,11,74695,43455,180506195,NAT_121,National Forests in Texas
A08013,2017,12,87129,49716,236360022,NAT_121,National Forests in Texas
A08013,2018,1,59377,34967,181200691,NAT_121,National Forests in Texas
A08013,2018,2,58061,34567,173802655,NAT_121,National Forests in Texas
A08013,2018,3,82739,49395,234352283,NAT_121,National Forests in Texas
A08013,2018,4,82653,49279,230431331,NAT_121,National Forests in Texas
A08013,2018,5,83227,49949,230122366,NAT_121,National Forests in Texas
A08013,2018,6,53485,33452,140685348,NAT_121,National Forests in Texas
A08013,2018,7,54668,34443,144658914,NAT_121,National Forests in Texas
A08013,2018,8,54722,34429,147350078,NAT_121,National Forests in Texas
A08013,2018,9,67632,40923,186632219,NAT_121,National Forests in Texas
A08060,2021,10,203811,122191,1044727276,NAT_115,Land Between the Lakes National Recreation Area
A08060,2021,11,186128,112202,991430643,NAT_115,Land Between the Lakes National Recreation Area
A08060,2021,12,104806,68932,877438762,NAT_115,Land Between the Lakes National Recreation Area
A08060,2022,1,104282,68618,876429414,NAT_115,Land Between the Lakes National Recreation Area
A08060,2022,2,93951,61803,790366147,NAT_115,Land Between the Lakes National Recreation Area
A08060,2022,3,160830,99213,982954870,NAT_115,Land Between the Lakes National Recreation Area
A08060,2022,4,198918,119177,1016221541,NAT_115,Land Between the Lakes National Recreation Area
A08060,2022,5,209871,126021,1064201691,NAT_115,Land Between the Lakes National Recreation Area
A08060,2022,6,198638,119624,1026877143,NAT_115,Land Between the Lakes National Recreation Area
A08060,2022,7,205903,123038,1045802002,NAT_115,Land Between the Lakes National Recreation Area
A08060,2022,8,196147,118249,1043480719,NAT_115,Land Between the Lakes National Recreation Area
A08060,2022,9,200798,120707,1028068668,NAT_115,Land Between the Lakes National Recreation Area
A09003,2020,10,41063,29366,170500370,NAT_128,Chippewa National Forest
A09003,2020,11,31696,23231,134991550,NAT_128,Chippewa National Forest
A09003,2020,12,12579,9870,60996126,NAT_128,Chippewa National Forest
A09003,2021,1,15816,12419,73014428,NAT_128,Chippewa National Forest
A09003,2021,2,13873,10926,65133354,NAT_128,Chippewa National Forest
A09003,2021,3,13909,10993,67655148,NAT_128,Chippewa National Forest
A09003,2021,4,7962,6423,44040213,NAT_128,Chippewa National Forest
A09003,2021,5,42208,29078,135223113,NAT_128,Chippewa National Forest
A09003,2021,6,64740,43100,193256587,NAT_128,Chippewa National Forest
A09003,2021,7,71346,47126,200441314,NAT_128,Chippewa National Forest
A09003,2021,8,71050,46979,200433241,NAT_128,Chippewa National Forest
A09003,2021,9,47436,33019,173363237,NAT_128,Chippewa National Forest
A09004,2021,10,233691,152121,9259772027,NAT_125,Huron-Manistee National Forest
A09004,2021,11,227663,152990,10614459201,NAT_125,Huron-Manistee National Forest
A09004,2021,12,44956,30437,2247622258,NAT_125,Huron-Manistee National Forest
A09004,2022,1,59392,40021,2822854548,NAT_125,Huron-Manistee National Forest
A09004,2022,2,47326,31946,2302455420,NAT_125,Huron-Manistee National Forest
A09004,2022,3,45548,30871,2351737560,NAT_125,Huron-Manistee National Forest
A09004,2022,4,117279,78505,5469635237,NAT_125,Huron-Manistee National Forest
A09004,2022,5,215829,141199,8040609921,NAT_125,Huron-Manistee National Forest
A09004,2022,6,271403,173416,9413552881,NAT_125,Huron-Manistee National Forest
A09004,2022,7,388019,246711,11761504481,NAT_125,Huron-Manistee National Forest
A09004,2022,8,335253,212242,10812818702,NAT_125,Huron-Manistee National Forest
A09004,2022,9,274586,177458,10134319955,NAT_125,Huron-Manistee National Forest
A09005,2017,10,52843,33584,222726625,NAT_116,Mark Twain National Forest
A09005,2017,11,75761,48036,353898742,NAT_116,Mark Twain National Forest
A09005,2017,12,22141,14352,98508191,NAT_116,Mark Twain National Forest
A09005,2018,1,15656,10338,74378918,NAT_116,Mark Twain National Forest
A09005,2018,2,14970,9865,70625888,NAT_116,Mark Twain National Forest
A09005,2018,3,39214,25052,172166027,NAT_116,Mark Twain National Forest
A09005,2018,4,98602,62390,437050597,NAT_116,Mark Twain National Forest
A09005,2018,5,83097,52252,339297430,NAT_116,Mark Twain National Forest
A09005,2018,6,75581,46841,298827914,NAT_116,Mark Twain National Forest
A09005,2018,7,72921,45287,288018325,NAT_116,Mark Twain National Forest
A09005,2018,8,68852,42717,274341966,NAT_116,Mark Twain National Forest
A09005,2018,9,67949,42309,285401184,NAT_116,Mark Twain National Forest
A09007,2021,10,24969,17939,108691206,NAT_130,Ottawa National Forest
A09007,2021,11,20557,14709,89831927,NAT_130,Ottawa National Forest
A09007,2021,12,10387,7236,58061359,NAT_130,Ottawa National Forest
A09007,2022,1,15200,11186,78060687,NAT_130,Ottawa National Forest
A09007,2022,2,11195,7753,59182148,NAT_130,Ottawa National Forest
A09007,2022,3,8926,5656,51543454,NAT_130,Ottawa National Forest
A09007,2022,4,7096,4044,45472567,NAT_130,Ottawa National Forest
A09007,2022,5,20291,12331,85815143,NAT_130,Ottawa National Forest
A09007,2022,6,39895,22978,113177576,NAT_130,Ottawa National Forest
A09007,2022,7,54535,31231,177354950,NAT_130,Ottawa National Forest
A09007,2022,8,49073,28134,160749150,NAT_130,Ottawa National Forest
A09007,2022,9,43282,26052,179656007,NAT_130,Ottawa National Forest
A09008,2017,10,80617,47382,112813553,NAT_127,Shawnee National Forest
A09008,2017,11,54182,30980,82227316,NAT_127,Shawnee National Forest
A09008,2017,12,20254,11827,34116122,NAT_127,Shawnee National Forest
A09008,2018,1,11158,6391,20670158,NAT_127,Shawnee National Forest
A09008,2018,2,11032,6005,21119366,NAT_127,Shawnee National Forest
A09008,2018,3,37905,20593,58661997,NAT_127,Shawnee National Forest
A09008,2018,4,82049,47154,124397273,NAT_127,Shawnee National Forest
A09008,2018,5,76385,43850,105498536,NAT_127,Shawnee National Forest
A09008,2018,6,59369,34386,82632465,NAT_127,Shawnee National Forest
A09008,2018,7,52081,29906,72256705,NAT_127,Shawnee National Forest
A09008,2018,8,46943,26366,70121665,NAT_127,Shawnee National Forest
A09008,2018,9,63424,36353,87333927,NAT_127,Shawnee National Forest
A09009,2020,10,186891,107568,2614756860,NAT_126,Superior National Forest
A09009,2020,11,101511,62306,1858128472,NAT_126,Superior National Forest
A09009,2020,12,83510,51560,1684532227,NAT_126,Superior National Forest
A09009,2021,1,97472,58937,1786437971,NAT_126,Superior National Forest
A09009,2021,2,91483,55901,1681584167,NAT_126,Superior National Forest
A09009,2021,3,89193,54113,1706199507,NAT_126,Superior National Forest
A09009,2021,4,78216,48240,1579249485,NAT_126,Superior National Forest
A09009,2021,5,228988,125982,3137467287,NAT_126,Superior National Forest
A09009,2021,6,264411,144890,3387799907,NAT_126,Superior National Forest
A09009,2021,7,288761,156664,3616407383,NAT_126,Superior National Forest
A09009,2021,8,288551,156871,3660831457,NAT_126,Superior National Forest
A09009,2021,9,271899,149046,3371329982,NAT_126,Superior National Forest
A09010,2021,10,84118,48486,823677020,NAT_117,Hiawatha National Forest
A09010,2021,11,73216,42919,803163623,NAT_117,Hiawatha National Forest
A09010,2021,12,50918,35956,662792579,NAT_117,Hiawatha National Forest
A09010,2022,1,89273,65966,1216589830,NAT_117,Hiawatha National Forest
A09010,2022,2,80607,59588,1100162026,NAT_117,Hiawatha National Forest
A09010,2022,3,71844,51905,963572458,NAT_117,Hiawatha National Forest
A09010,2022,4,29928,19212,351642343,NAT_117,Hiawatha National Forest
A09010,2022,5,93653,53812,883203969,NAT_117,Hiawatha National Forest
A09010,2022,6,123345,68233,958279384,NAT_117,Hiawatha National Forest
A09010,2022,7,160259,90081,1186629574,NAT_117,Hiawatha National Forest
A09010,2022,8,153245,85514,1122850558,NAT_117,Hiawatha National Forest
A09010,2022,9,135219,76635,1090626993,NAT_117,Hiawatha National Forest
A09012,2018,10,41062,30019,288635321,NAT_124,Hoosier National Forest
A09012,2018,11,35541,26196,265927710,NAT_124,Hoosier National Forest
A09012,2018,12,28028,21589,243740515,NAT_124,Hoosier National Forest
A09012,2019,1,5651,4161,29801626,NAT_124,Hoosier National Forest
A09012,2019,2,2184,1487,3525473,NAT_124,Hoosier National Forest
A09012,2019,3,17669,13550,127930645,NAT_124,Hoosier National Forest
A09012,2019,4,30634,21638,112842494,NAT_124,Hoosier National Forest
A09012,2019,5,45540,32151,180933265,NAT_124,Hoosier National Forest
A09012,2019,6,49749,35183,185837954,NAT_124,Hoosier National Forest
A09012,2019,7,48539,34170,178447643,NAT_124,Hoosier National Forest
A09012,2019,8,49094,34580,172676270,NAT_124,Hoosier National Forest
A09012,2019,9,46753,32913,147568145,NAT_124,Hoosier National Forest
A09013,2020,10,54833,42270,257812794,NAT_122,Chequamegon-Nicolet National Forest
A09013,2020,11,66793,52375,263475305,NAT_122,Chequamegon-Nicolet National Forest
A09013,2020,12,24669,21177,183154755,NAT_122,Chequamegon-Nicolet National Forest
A09013,2021,1,34112,28871,222231566,NAT_122,Chequamegon-Nicolet National Forest
A09013,2021,2,29366,24624,182321362,NAT_122,Chequamegon-Nicolet National Forest
A09013,2021,3,12168,10358,92264161,NAT_122,Chequamegon-Nicolet National Forest
A09013,2021,4,1132,882,6521780,NAT_122,Chequamegon-Nicolet National Forest
A09013,2021,5,55980,43170,322205833,NAT_122,Chequamegon-Nicolet National Forest
A09013,2021,6,49085,35905,243134828,NAT_122,Chequamegon-Nicolet National Forest
A09013,2021,7,71256,54167,361530564,NAT_122,Chequamegon-Nicolet National Forest
A09013,2021,8,56814,42180,281429684,NAT_122,Chequamegon-Nicolet National Forest
A09013,2021,9,73117,56726,375881542,NAT_122,Chequamegon-Nicolet National Forest
A09014,2018,10,17788,13657,60279466,NAT_123,Wayne National Forest
A09014,2018,11,14017,11619,58680514,NAT_123,Wayne National Forest
A09014,2018,12,10335,8583,45373268,NAT_123,Wayne National Forest
A09014,2019,1,5056,4187,20336164,NAT_123,Wayne National Forest
A09014,2019,2,4601,3813,18532871,NAT_123,Wayne National Forest
A09014,2019,3,5971,4968,22710621,NAT_123,Wayne National Forest
A09014,2019,4,17090,13062,58551535,NAT_123,Wayne National Forest
A09014,2019,5,24058,18357,71698529,NAT_123,Wayne National Forest
A09014,2019,6,28244,21693,80887663,NAT_123,Wayne National Forest
A09014,2019,7,28452,21552,73243475,NAT_123,Wayne National Forest
A09014,2019,8,26684,20668,77225656,NAT_123,Wayne National Forest
A09014,2019,9,22322,17084,70929855,NAT_123,Wayne National Forest
A09015,2017,10,11306,9318,12578867,NAT_134,Midewin National Tallgrass Prairie
A09015,2017,11,10105,8501,11120060,NAT_134,Midewin National Tallgrass Prairie
A09015,2017,12,9632,8234,10378658,NAT_134,Midewin National Tallgrass Prairie
A09015,2018,1,7057,5947,7155856,NAT_134,Midewin National Tallgrass Prairie
A09015,2018,2,1646,1149,415942,NAT_134,Midewin National Tallgrass Prairie
A09015,2018,3,1859,1300,473938,NAT_134,Midewin National Tallgrass Prairie
A09015,2018,4,3988,2731,1851803,NAT_134,Midewin National Tallgrass Prairie
A09015,2018,5,5142,3483,2820403,NAT_134,Midewin National Tallgrass Prairie
A09015,2018,6,5558,3769,4858431,NAT_134,Midewin National Tallgrass Prairie
A09015,2018,7,5479,3719,4624290,NAT_134,Midewin National Tallgrass Prairie
A09015,2018,8,5594,3791,4750645,NAT_134,Midewin National Tallgrass Prairie
A09015,2018,9,3594,2431,1933550,NAT_134,Midewin National Tallgrass Prairie
A09021,2018,10,80944,45107,171065991,NAT_129,Monongahela National Forest
A09021,2018,11,54748,31883,158033909,NAT_129,Monongahela National Forest
A09021,2018,12,18963,11467,52755522,NAT_129,Monongahela National Forest
A09021,2019,1,0,NA,NA,NAT_129,Monongahela National Forest
A09021,2019,2,0,NA,NA,NAT_129,Monongahela National Forest
A09021,2019,3,4215,2574,7494511,NAT_129,Monongahela National Forest
A09021,2019,4,51838,28154,134392989,NAT_129,Monongahela National Forest
A09021,2019,5,87138,46435,187287262,NAT_129,Monongahela National Forest
A09021,2019,6,110329,59436,221526867,NAT_129,Monongahela National Forest
A09021,2019,7,118128,62726,227494830,NAT_129,Monongahela National Forest
A09021,2019,8,114492,60955,232362445,NAT_129,Monongahela National Forest
A09021,2019,9,90690,49205,194492712,NAT_129,Monongahela National Forest
A10004,2017,10,7839,5501,35855140,NAT_135,Chugach National Forest
A10004,2017,11,724,553,2494575,NAT_135,Chugach National Forest
A10004,2017,12,6491,4738,33575465,NAT_135,Chugach National Forest
A10004,2018,1,12885,9410,62612269,NAT_135,Chugach National Forest
A10004,2018,2,13205,9692,64036555,NAT_135,Chugach National Forest
A10004,2018,3,15152,11149,71773983,NAT_135,Chugach National Forest
A10004,2018,4,10488,7687,53062441,NAT_135,Chugach National Forest
A10004,2018,5,64890,38049,95075131,NAT_135,Chugach National Forest
A10004,2018,6,147752,88540,240523947,NAT_135,Chugach National Forest
A10004,2018,7,184497,109344,279611456,NAT_135,Chugach National Forest
A10004,2018,8,180149,107352,279734303,NAT_135,Chugach National Forest
A10004,2018,9,69803,42861,145338938,NAT_135,Chugach National Forest
A10105,2020,10,19047,16361,24857100,NAT_049,Tongass National Forest-Sitka and Hoonah
A10105,2020,11,14790,13133,18641736,NAT_049,Tongass National Forest-Sitka and Hoonah
A10105,2020,12,13255,12035,16121483,NAT_049,Tongass National Forest-Sitka and Hoonah
A10105,2021,1,13144,11943,15736828,NAT_049,Tongass National Forest-Sitka and Hoonah
A10105,2021,2,9729,9006,8663307,NAT_049,Tongass National Forest-Sitka and Hoonah
A10105,2021,3,11291,10339,10337253,NAT_049,Tongass National Forest-Sitka and Hoonah
A10105,2021,4,12185,11050,13140707,NAT_049,Tongass National Forest-Sitka and Hoonah
A10105,2021,5,22743,19406,26494305,NAT_049,Tongass National Forest-Sitka and Hoonah
A10105,2021,6,27031,22954,29504996,NAT_049,Tongass National Forest-Sitka and Hoonah
A10105,2021,7,28121,23884,30605404,NAT_049,Tongass National Forest-Sitka and Hoonah
A10105,2021,8,28176,23916,30618341,NAT_049,Tongass National Forest-Sitka and Hoonah
A10105,2021,9,25312,21397,29732622,NAT_049,Tongass National Forest-Sitka and Hoonah
A10205,2019,10,19080,17028,18079532,NAT_047,Tongass National Forest-Juneau and Admiralty National Monument
A10205,2019,11,18499,16544,19444664,NAT_047,Tongass National Forest-Juneau and Admiralty National Monument
A10205,2019,12,17993,16328,16830259,NAT_047,Tongass National Forest-Juneau and Admiralty National Monument
A10205,2020,1,18769,16869,20377304,NAT_047,Tongass National Forest-Juneau and Admiralty National Monument
A10205,2020,2,17425,15693,18555744,NAT_047,Tongass National Forest-Juneau and Admiralty National Monument
A10205,2020,3,19070,17092,19749451,NAT_047,Tongass National Forest-Juneau and Admiralty National Monument
A10205,2020,4,18903,16860,18570401,NAT_047,Tongass National Forest-Juneau and Admiralty National Monument
A10205,2020,5,43768,34673,104318778,NAT_047,Tongass National Forest-Juneau and Admiralty National Monument
A10205,2020,6,41775,32982,97810563,NAT_047,Tongass National Forest-Juneau and Admiralty National Monument
A10205,2020,7,43528,34349,101541928,NAT_047,Tongass National Forest-Juneau and Admiralty National Monument
A10205,2020,8,44052,34750,102323647,NAT_047,Tongass National Forest-Juneau and Admiralty National Monument
A10205,2020,9,40595,32123,96821487,NAT_047,Tongass National Forest-Juneau and Admiralty National Monument
A10305,2021,10,22486,19525,28117084,NAT_050,"Tongass National Forest-Yakutat, Petersburg, and Wrangell"
A10305,2021,11,18107,16208,21375407,NAT_050,"Tongass National Forest-Yakutat, Petersburg, and Wrangell"
A10305,2021,12,11764,11327,4724914,NAT_050,"Tongass National Forest-Yakutat, Petersburg, and Wrangell"
A10305,2022,1,11682,11269,4704055,NAT_050,"Tongass National Forest-Yakutat, Petersburg, and Wrangell"
A10305,2022,2,10519,10154,4157724,NAT_050,"Tongass National Forest-Yakutat, Petersburg, and Wrangell"
A10305,2022,3,11697,11292,4728457,NAT_050,"Tongass National Forest-Yakutat, Petersburg, and Wrangell"
A10305,2022,4,18275,16315,19686019,NAT_050,"Tongass National Forest-Yakutat, Petersburg, and Wrangell"
A10305,2022,5,29029,24113,37413194,NAT_050,"Tongass National Forest-Yakutat, Petersburg, and Wrangell"
A10305,2022,6,29781,24365,44305965,NAT_050,"Tongass National Forest-Yakutat, Petersburg, and Wrangell"
A10305,2022,7,34582,27464,45985046,NAT_050,"Tongass National Forest-Yakutat, Petersburg, and Wrangell"
A10305,2022,8,33859,27414,45724401,NAT_050,"Tongass National Forest-Yakutat, Petersburg, and Wrangell"
A10305,2022,9,29585,24349,37210841,NAT_050,"Tongass National Forest-Yakutat, Petersburg, and Wrangell"
A10405,2018,10,46916,41226,68470682,NAT_048,"Tongass National Forest-Ketchikan Misty, Craig, and Thorne Bay"
A10405,2018,11,45192,39640,64523870,NAT_048,"Tongass National Forest-Ketchikan Misty, Craig, and Thorne Bay"
A10405,2018,12,32758,29682,30934819,NAT_048,"Tongass National Forest-Ketchikan Misty, Craig, and Thorne Bay"
A10405,2019,1,32480,29449,30379256,NAT_048,"Tongass National Forest-Ketchikan Misty, Craig, and Thorne Bay"
A10405,2019,2,29709,26874,27834652,NAT_048,"Tongass National Forest-Ketchikan Misty, Craig, and Thorne Bay"
A10405,2019,3,35699,31988,36421449,NAT_048,"Tongass National Forest-Ketchikan Misty, Craig, and Thorne Bay"
A10405,2019,4,47565,40862,59234657,NAT_048,"Tongass National Forest-Ketchikan Misty, Craig, and Thorne Bay"
A10405,2019,5,96789,77480,133551301,NAT_048,"Tongass National Forest-Ketchikan Misty, Craig, and Thorne Bay"
A10405,2019,6,110326,86832,159057323,NAT_048,"Tongass National Forest-Ketchikan Misty, Craig, and Thorne Bay"
A10405,2019,7,119141,93315,166961074,NAT_048,"Tongass National Forest-Ketchikan Misty, Craig, and Thorne Bay"
A10405,2019,8,121718,95297,170554174,NAT_048,"Tongass National Forest-Ketchikan Misty, Craig, and Thorne Bay"
A10405,2019,9,107202,84890,151503746,NAT_048,"Tongass National Forest-Ketchikan Misty, Craig, and Thorne Bay"
