siteid,Year,Month,visitors,d2p,old_siteid,RefugeName,Notes,FY,Counter Total
NAT_139,2018,Jan,10212.319,2018-01-15,FWS_304,Pinckney,Car traffic only (no boats),NA,NA
NAT_139,2018,Feb,13986.895,2018-02-15,FWS_304,Pinckney,Car traffic only (no boats),NA,NA
NAT_139,2018,Mar,19026.462,2018-03-15,FWS_304,Pinckney,Car traffic only (no boats),NA,NA
NAT_139,2018,Apr,17661.286999999997,2018-04-15,FWS_304,Pinckney,Car traffic only (no boats),NA,NA
NAT_139,2018,May,17029.987999999998,2018-05-15,FWS_304,Pinckney,Car traffic only (no boats),NA,NA
NAT_139,2018,Jun,17562.921,2018-06-15,FWS_304,Pinckney,Car traffic only (no boats),NA,NA
NAT_139,2018,Jul,19632.829,2018-07-15,FWS_304,Pinckney,Car traffic only (no boats),NA,NA
NAT_139,2018,Aug,16427.032,2018-08-15,FWS_304,Pinckney,Car traffic only (no boats),NA,NA
NAT_139,2018,Sep,11800.283,2018-09-15,FWS_304,Pinckney,Car traffic only (no boats),NA,NA
NAT_139,2018,Oct,15281.918999999998,2018-10-15,FWS_304,Pinckney,Car traffic only (no boats),NA,NA
NAT_139,2018,Nov,12543.159,2018-11-15,FWS_304,Pinckney,Car traffic only (no boats),NA,NA
NAT_139,2018,Dec,NA,2018-12-15,FWS_304,Pinckney,Car traffic only (no boats),NA,NA
NAT_139,2019,Jan,11517.077,2019-01-15,FWS_304,Pinckney,Car traffic only (no boats),NA,NA
NAT_139,2019,Feb,12544.727,2019-02-15,FWS_304,Pinckney,Car traffic only (no boats),NA,NA
NAT_139,2019,Mar,19176.569,2019-03-15,FWS_304,Pinckney,Car traffic only (no boats),NA,NA
NAT_139,2019,Apr,17897.844999999998,2019-04-15,FWS_304,Pinckney,Car traffic only (no boats),NA,NA
NAT_139,2019,May,18248.692,2019-05-15,FWS_304,Pinckney,Car traffic only (no boats),NA,NA
NAT_139,2019,Jun,17049.678,2019-06-15,FWS_304,Pinckney,Car traffic only (no boats),NA,NA
NAT_139,2019,Jul,18094.996,2019-07-15,FWS_304,Pinckney,Car traffic only (no boats),NA,NA
NAT_139,2019,Aug,15079.774,2019-08-15,FWS_304,Pinckney,Car traffic only (no boats),NA,NA
NAT_139,2019,Sep,12201.512,2019-09-15,FWS_304,Pinckney,Car traffic only (no boats),NA,NA
NAT_139,2019,Oct,14240.713999999998,2019-10-15,FWS_304,Pinckney,Car traffic only (no boats),NA,NA
NAT_139,2019,Nov,14220.239,2019-11-15,FWS_304,Pinckney,Car traffic only (no boats),NA,NA
NAT_139,2019,Dec,11625.051,2019-12-15,FWS_304,Pinckney,Car traffic only (no boats),NA,NA
NAT_139,2020,Jan,13935.119,2020-01-15,FWS_304,Pinckney,Car traffic only (no boats),NA,NA
NAT_139,2020,Feb,14122.017,2020-02-15,FWS_304,Pinckney,Car traffic only (no boats),NA,NA
NAT_139,2020,Mar,21139.964,2020-03-15,FWS_304,Pinckney,Car traffic only (no boats),NA,NA
NAT_139,2020,Apr,23092.326999999997,2020-04-15,FWS_304,Pinckney,Car traffic only (no boats),NA,NA
NAT_139,2020,May,27677.718999999997,2020-05-15,FWS_304,Pinckney,Car traffic only (no boats),NA,NA
NAT_139,2020,Jun,22502.331,2020-06-15,FWS_304,Pinckney,Car traffic only (no boats),NA,NA
NAT_139,2020,Jul,22249.67,2020-07-15,FWS_304,Pinckney,Car traffic only (no boats),NA,NA
NAT_139,2020,Aug,19487.139,2020-08-15,FWS_304,Pinckney,Car traffic only (no boats),NA,NA
NAT_139,2020,Sep,18636.311,2020-09-15,FWS_304,Pinckney,Car traffic only (no boats),NA,NA
NAT_139,2020,Oct,19873.027,2020-10-15,FWS_304,Pinckney,Car traffic only (no boats),NA,NA
NAT_139,2020,Nov,17440.419,2020-11-15,FWS_304,Pinckney,Car traffic only (no boats),NA,NA
NAT_139,2020,Dec,18170.334,2020-12-15,FWS_304,Pinckney,Car traffic only (no boats),NA,NA
NAT_139,2021,Jan,14638.265,2021-01-15,FWS_304,Pinckney,Car traffic only (no boats),NA,NA
NAT_139,2021,Feb,7068.465999999999,2021-02-15,FWS_304,Pinckney,Car traffic only (no boats),NA,NA
NAT_139,2021,Mar,20956.657999999996,2021-03-15,FWS_304,Pinckney,Car traffic only (no boats),NA,NA
NAT_139,2021,Apr,22676.762,2021-04-15,FWS_304,Pinckney,Car traffic only (no boats),NA,NA
NAT_139,2021,May,20209.521,2021-05-15,FWS_304,Pinckney,Car traffic only (no boats),NA,NA
NAT_139,2021,Jun,17558.175,2021-06-15,FWS_304,Pinckney,Car traffic only (no boats),NA,NA
NAT_139,2021,Jul,18702.35,2021-07-15,FWS_304,Pinckney,Car traffic only (no boats),NA,NA
NAT_139,2021,Aug,17129.589999999997,2021-08-15,FWS_304,Pinckney,Car traffic only (no boats),NA,NA
NAT_139,2021,Sep,16322.958999999995,2021-09-15,FWS_304,Pinckney,Car traffic only (no boats),NA,NA
NAT_139,2021,Oct,16094.567,2021-10-15,FWS_304,Pinckney,Car traffic only (no boats),NA,NA
NAT_139,2021,Nov,14581.873,2021-11-15,FWS_304,Pinckney,Car traffic only (no boats),NA,NA
NAT_139,2021,Dec,15120.554,2021-12-15,FWS_304,Pinckney,Car traffic only (no boats),NA,NA
NAT_139,2022,Jan,13956.53,2022-01-15,FWS_304,Pinckney,Car traffic only (no boats),NA,NA
NAT_139,2022,Feb,15868.316,2022-02-15,FWS_304,Pinckney,Car traffic only (no boats),NA,NA
NAT_139,2022,Mar,19436.601,2022-03-15,FWS_304,Pinckney,Car traffic only (no boats),NA,NA
NAT_139,2022,Apr,20579.017,2022-04-15,FWS_304,Pinckney,Car traffic only (no boats),NA,NA
NAT_139,2022,May,19440.27,2022-05-15,FWS_304,Pinckney,Car traffic only (no boats),NA,NA
NAT_139,2022,Jun,17821.226,2022-06-15,FWS_304,Pinckney,Car traffic only (no boats),NA,NA
NAT_139,2022,Jul,18009.813,2022-07-15,FWS_304,Pinckney,Car traffic only (no boats),NA,NA
NAT_139,2022,Aug,16948.008,2022-08-15,FWS_304,Pinckney,Car traffic only (no boats),NA,NA
NAT_139,2022,Sep,14982.716,2022-09-15,FWS_304,Pinckney,Car traffic only (no boats),NA,NA
NAT_139,2022,Oct,17027.362,2022-10-15,FWS_304,Pinckney,Car traffic only (no boats),NA,NA
NAT_139,2022,Nov,13839.848000000002,2022-11-15,FWS_304,Pinckney,Car traffic only (no boats),NA,NA
NAT_139,2022,Dec,11738.845999999998,2022-12-15,FWS_304,Pinckney,Car traffic only (no boats),NA,NA
NAT_143,2018,Oct,37861.64,2018-10-15,FWS_373,Okefenokee,"visitor totals from okefenokee staff, not trafx directly",2019,NA
NAT_143,2018,Nov,49541.11,2018-11-15,FWS_373,Okefenokee,"visitor totals from okefenokee staff, not trafx directly",2019,NA
NAT_143,2018,Dec,30043.67,2018-12-15,FWS_373,Okefenokee,"visitor totals from okefenokee staff, not trafx directly",2019,NA
NAT_143,2019,Jan,29940.83,2019-01-15,FWS_373,Okefenokee,"visitor totals from okefenokee staff, not trafx directly",2019,NA
NAT_143,2019,Feb,46298.13,2019-02-15,FWS_373,Okefenokee,"visitor totals from okefenokee staff, not trafx directly",2019,NA
NAT_143,2019,Mar,97176.6,2019-03-15,FWS_373,Okefenokee,"visitor totals from okefenokee staff, not trafx directly",2019,NA
NAT_143,2019,Apr,97413.58,2019-04-15,FWS_373,Okefenokee,"visitor totals from okefenokee staff, not trafx directly",2019,NA
NAT_143,2019,May,66414.14,2019-05-15,FWS_373,Okefenokee,"visitor totals from okefenokee staff, not trafx directly",2019,NA
NAT_143,2019,Jun,39223.31,2019-06-15,FWS_373,Okefenokee,"visitor totals from okefenokee staff, not trafx directly",2019,NA
NAT_143,2019,Jul,35114.24,2019-07-15,FWS_373,Okefenokee,"visitor totals from okefenokee staff, not trafx directly",2019,NA
NAT_143,2019,Aug,25691.71,2019-08-15,FWS_373,Okefenokee,"visitor totals from okefenokee staff, not trafx directly",2019,NA
NAT_143,2019,Sep,21963.51,2019-09-15,FWS_373,Okefenokee,"visitor totals from okefenokee staff, not trafx directly",2019,NA
NAT_143,2019,Oct,39235.8,2019-10-15,FWS_373,Okefenokee,"visitor totals from okefenokee staff, not trafx directly",2020,NA
NAT_143,2019,Nov,53424.02,2019-11-15,FWS_373,Okefenokee,"visitor totals from okefenokee staff, not trafx directly",2020,NA
NAT_143,2019,Dec,49805.26,2019-12-15,FWS_373,Okefenokee,"visitor totals from okefenokee staff, not trafx directly",2020,NA
NAT_143,2020,Jan,40767.48,2020-01-15,FWS_373,Okefenokee,"visitor totals from okefenokee staff, not trafx directly",2020,NA
NAT_143,2020,Feb,40320.06,2020-02-15,FWS_373,Okefenokee,"visitor totals from okefenokee staff, not trafx directly",2020,NA
NAT_143,2020,Mar,57860.9,2020-03-15,FWS_373,Okefenokee,"visitor totals from okefenokee staff, not trafx directly",2020,NA
NAT_143,2020,Apr,26653.66,2020-04-15,FWS_373,Okefenokee,"visitor totals from okefenokee staff, not trafx directly",2020,NA
NAT_143,2020,May,48723.32,2020-05-15,FWS_373,Okefenokee,"visitor totals from okefenokee staff, not trafx directly",2020,NA
NAT_143,2020,Jun,36345.12,2020-06-15,FWS_373,Okefenokee,"visitor totals from okefenokee staff, not trafx directly",2020,NA
NAT_143,2020,Jul,37646.86,2020-07-15,FWS_373,Okefenokee,"visitor totals from okefenokee staff, not trafx directly",2020,NA
NAT_143,2020,Aug,37388.5,2020-08-15,FWS_373,Okefenokee,"visitor totals from okefenokee staff, not trafx directly",2020,NA
NAT_143,2020,Sep,42728.5,2020-09-15,FWS_373,Okefenokee,"visitor totals from okefenokee staff, not trafx directly",2020,NA
NAT_143,2018,Jan,21301.445,2018-01-15,FWS_373,Okefenokee,"visitor totals from okefenokee staff, not trafx directly",2018,NA
NAT_143,2018,Feb,41060.86,2018-02-15,FWS_373,Okefenokee,"visitor totals from okefenokee staff, not trafx directly",2018,NA
NAT_143,2018,Mar,74373.99,2018-03-15,FWS_373,Okefenokee,"visitor totals from okefenokee staff, not trafx directly",2018,NA
NAT_143,2018,Apr,174127.0475,2018-04-15,FWS_373,Okefenokee,"visitor totals from okefenokee staff, not trafx directly",2018,NA
NAT_143,2018,May,51466.815,2018-05-15,FWS_373,Okefenokee,"visitor totals from okefenokee staff, not trafx directly",2018,NA
NAT_143,2018,Jun,38401.22,2018-06-15,FWS_373,Okefenokee,"visitor totals from okefenokee staff, not trafx directly",2018,NA
NAT_143,2018,Jul,36354.1,2018-07-15,FWS_373,Okefenokee,"visitor totals from okefenokee staff, not trafx directly",2018,NA
NAT_143,2018,Aug,36106.1,2018-08-15,FWS_373,Okefenokee,"visitor totals from okefenokee staff, not trafx directly",2018,NA
NAT_143,2018,Sep,36541.35,2018-09-15,FWS_373,Okefenokee,"visitor totals from okefenokee staff, not trafx directly",2018,NA
NAT_143,2020,Oct,45075.88,2020-10-15,FWS_373,Okefenokee,"visitor totals from okefenokee staff, not trafx directly",2021,NA
NAT_143,2020,Nov,41427.13,2020-11-15,FWS_373,Okefenokee,"visitor totals from okefenokee staff, not trafx directly",2021,NA
NAT_143,2020,Dec,42358.98,2020-12-15,FWS_373,Okefenokee,"visitor totals from okefenokee staff, not trafx directly",2021,NA
NAT_143,2021,Jan,50258.96,2021-01-15,FWS_373,Okefenokee,"visitor totals from okefenokee staff, not trafx directly",2021,NA
NAT_143,2021,Feb,48902.64,2021-02-15,FWS_373,Okefenokee,"visitor totals from okefenokee staff, not trafx directly",2021,NA
NAT_143,2021,Mar,88079.81,2021-03-15,FWS_373,Okefenokee,"visitor totals from okefenokee staff, not trafx directly",2021,NA
NAT_143,2021,Apr,78893.12,2021-04-15,FWS_373,Okefenokee,"visitor totals from okefenokee staff, not trafx directly",2021,NA
NAT_143,2021,May,67023.2,2021-05-15,FWS_373,Okefenokee,"visitor totals from okefenokee staff, not trafx directly",2021,NA
NAT_143,2021,Jun,41740.8,2021-06-15,FWS_373,Okefenokee,"visitor totals from okefenokee staff, not trafx directly",2021,NA
NAT_143,2021,Jul,31789.735,2021-07-15,FWS_373,Okefenokee,"visitor totals from okefenokee staff, not trafx directly",2021,NA
NAT_143,2021,Aug,20360.4975,2021-08-15,FWS_373,Okefenokee,"visitor totals from okefenokee staff, not trafx directly",2021,NA
NAT_143,2021,Sep,29047.48,2021-09-15,FWS_373,Okefenokee,"visitor totals from okefenokee staff, not trafx directly",2021,NA
NAT_143,2021,Oct,53946.5,2021-10-15,FWS_373,Okefenokee,"visitor totals from okefenokee staff, not trafx directly",2022,NA
NAT_143,2021,Nov,45030.9225,2021-11-15,FWS_373,Okefenokee,"visitor totals from okefenokee staff, not trafx directly",2022,NA
NAT_143,2021,Dec,62382.73,2021-12-15,FWS_373,Okefenokee,"visitor totals from okefenokee staff, not trafx directly",2022,NA
NAT_143,2022,Jan,40929.8575,2022-01-15,FWS_373,Okefenokee,"visitor totals from okefenokee staff, not trafx directly",2022,NA
NAT_143,2022,Feb,50107.6525,2022-02-15,FWS_373,Okefenokee,"visitor totals from okefenokee staff, not trafx directly",2022,NA
NAT_143,2022,Mar,76582.0175,2022-03-15,FWS_373,Okefenokee,"visitor totals from okefenokee staff, not trafx directly",2022,NA
NAT_143,2022,Apr,83274.5825,2022-04-15,FWS_373,Okefenokee,"visitor totals from okefenokee staff, not trafx directly",2022,NA
NAT_143,2022,May,65350.355,2022-05-15,FWS_373,Okefenokee,"visitor totals from okefenokee staff, not trafx directly",2022,NA
NAT_143,2022,Jun,42720.45,2022-06-15,FWS_373,Okefenokee,"visitor totals from okefenokee staff, not trafx directly",2022,NA
NAT_143,2022,Jul,39081.3475,2022-07-15,FWS_373,Okefenokee,"visitor totals from okefenokee staff, not trafx directly",2022,NA
NAT_143,2022,Aug,27092.945,2022-08-15,FWS_373,Okefenokee,"visitor totals from okefenokee staff, not trafx directly",2022,NA
NAT_143,2022,Sep,32998.5125,2022-09-15,FWS_373,Okefenokee,"visitor totals from okefenokee staff, not trafx directly",2022,NA
NAT_143,2022,Oct,59487.04,2022-10-15,FWS_373,Okefenokee,"visitor totals from okefenokee staff, not trafx directly",2023,NA
NAT_143,2022,Nov,51297.9925,2022-11-15,FWS_373,Okefenokee,"visitor totals from okefenokee staff, not trafx directly",2023,NA
NAT_143,2022,Dec,60580.5825,2022-12-15,FWS_373,Okefenokee,"visitor totals from okefenokee staff, not trafx directly",2023,NA
NAT_136,2018,Jan,16862.5,2018-01-15,FWS_031,Parker River,NA,NA,6745
NAT_136,2018,Feb,19122.5,2018-02-15,FWS_031,Parker River,NA,NA,7649
NAT_136,2018,Mar,12945,2018-03-15,FWS_031,Parker River,NA,NA,5178
NAT_136,2018,Apr,15037.5,2018-04-15,FWS_031,Parker River,NA,NA,6015
NAT_136,2018,May,21262.5,2018-05-15,FWS_031,Parker River,NA,NA,8505
NAT_136,2018,Jun,26625,2018-06-15,FWS_031,Parker River,NA,NA,10650
NAT_136,2018,Jul,43020,2018-07-15,FWS_031,Parker River,NA,NA,17208
NAT_136,2018,Aug,51600,2018-08-15,FWS_031,Parker River,NA,NA,20640
NAT_136,2018,Sep,38960,2018-09-15,FWS_031,Parker River,NA,NA,15584
NAT_136,2018,Oct,21657.5,2018-10-15,FWS_031,Parker River,NA,NA,8663
NAT_136,2018,Nov,16190,2018-11-15,FWS_031,Parker River,NA,NA,6476
NAT_136,2018,Dec,14207.5,2018-12-15,FWS_031,Parker River,NA,NA,5683
NAT_136,2019,Jan,14202.5,2019-01-15,FWS_031,Parker River,NA,NA,5681
NAT_136,2019,Feb,14132.5,2019-02-15,FWS_031,Parker River,NA,NA,5653
NAT_136,2019,Mar,20680,2019-03-15,FWS_031,Parker River,NA,NA,8272
NAT_136,2019,Apr,20555,2019-04-15,FWS_031,Parker River,NA,NA,8222
NAT_136,2019,May,28692.5,2019-05-15,FWS_031,Parker River,NA,NA,11477
NAT_136,2019,Jun,23075,2019-06-15,FWS_031,Parker River,NA,NA,9230
NAT_136,2019,Jul,49547.5,2019-07-15,FWS_031,Parker River,NA,NA,19819
NAT_136,2019,Aug,84797.5,2019-08-15,FWS_031,Parker River,NA,NA,33919
NAT_136,2019,Sep,47760,2019-09-15,FWS_031,Parker River,NA,NA,19104
NAT_136,2019,Oct,23127.5,2019-10-15,FWS_031,Parker River,NA,NA,9251
NAT_136,2019,Nov,12537.5,2019-11-15,FWS_031,Parker River,NA,NA,5015
NAT_136,2019,Dec,13280,2019-12-15,FWS_031,Parker River,NA,NA,5312
NAT_136,2020,Jan,19837.5,2020-01-15,FWS_031,Parker River,NA,NA,7935
NAT_136,2020,Feb,NA,2020-02-15,FWS_031,Parker River,NA,NA,NA
NAT_136,2020,Mar,19987.5,2020-03-15,FWS_031,Parker River,NA,NA,7995
NAT_136,2020,Apr,NA,2020-04-15,FWS_031,Parker River,NA,NA,NA
NAT_136,2020,May,NA,2020-05-15,FWS_031,Parker River,NA,NA,NA
NAT_136,2020,Jun,NA,2020-06-15,FWS_031,Parker River,NA,NA,NA
NAT_136,2020,Jul,38760,2020-07-15,FWS_031,Parker River,NA,NA,15504
NAT_136,2020,Aug,80280,2020-08-15,FWS_031,Parker River,NA,NA,32112
NAT_136,2020,Sep,NA,2020-09-15,FWS_031,Parker River,NA,NA,NA
NAT_136,2020,Oct,43585,2020-10-15,FWS_031,Parker River,NA,NA,17434
NAT_136,2020,Nov,15002.5,2020-11-15,FWS_031,Parker River,NA,NA,6001
NAT_136,2020,Dec,13595,2020-12-15,FWS_031,Parker River,NA,NA,5438
NAT_136,2021,Jan,20755,2021-01-15,FWS_031,Parker River,NA,NA,8302
NAT_136,2021,Feb,NA,2021-02-15,FWS_031,Parker River,NA,NA,NA
NAT_136,2021,Mar,16750,2021-03-15,FWS_031,Parker River,NA,NA,6700
NAT_136,2021,Apr,NA,2021-04-15,FWS_031,Parker River,NA,NA,NA
NAT_136,2021,May,47017.5,2021-05-15,FWS_031,Parker River,NA,NA,18807
NAT_136,2021,Jun,42377.5,2021-06-15,FWS_031,Parker River,NA,NA,16951
NAT_136,2021,Jul,45217.5,2021-07-15,FWS_031,Parker River,NA,NA,18087
NAT_136,2021,Aug,65725,2021-08-15,FWS_031,Parker River,NA,NA,26290
NAT_136,2021,Sep,62985,2021-09-15,FWS_031,Parker River,NA,NA,25194
NAT_136,2021,Oct,16117.5,2021-10-15,FWS_031,Parker River,NA,NA,6447
NAT_136,2021,Nov,11875,2021-11-15,FWS_031,Parker River,NA,NA,4750
NAT_136,2021,Dec,14340,2021-12-15,FWS_031,Parker River,NA,NA,5736
NAT_136,2022,Jan,13830,2022-01-15,FWS_031,Parker River,NA,NA,5532
NAT_136,2022,Feb,20155,2022-02-15,FWS_031,Parker River,NA,NA,8062
NAT_136,2022,Mar,15085,2022-03-15,FWS_031,Parker River,NA,NA,6034
NAT_136,2022,Apr,14752.5,2022-04-15,FWS_031,Parker River,NA,NA,5901
NAT_136,2022,May,27515,2022-05-15,FWS_031,Parker River,NA,NA,11006
NAT_136,2022,Jun,25932.5,2022-06-15,FWS_031,Parker River,NA,NA,10373
NAT_136,2022,Jul,40005,2022-07-15,FWS_031,Parker River,NA,NA,16002
NAT_136,2022,Aug,63075,2022-08-15,FWS_031,Parker River,NA,NA,25230
NAT_136,2022,Sep,61580,2022-09-15,FWS_031,Parker River,NA,NA,24632
NAT_136,2022,Oct,14832.5,2022-10-15,FWS_031,Parker River,NA,NA,5933
NAT_136,2022,Nov,22510,2022-11-15,FWS_031,Parker River,NA,NA,9004
NAT_136,2022,Dec,11832.5,2022-12-15,FWS_031,Parker River,NA,NA,4733
NAT_138,2021,Jan,32402.96875,2021-01-15,FWS_268,Rocky Mountain Arsenal,Calculated by SGW from average counts per day during time ranges counted by RMA staff. Prefer this to other data.,NA,NA
NAT_138,2022,Jan,44822.90000000002,2022-01-15,FWS_268,Rocky Mountain Arsenal,Calculated by SGW from average counts per day during time ranges counted by RMA staff. Prefer this to other data.,NA,NA
NAT_138,2022,Feb,39245.535714285725,2022-02-15,FWS_268,Rocky Mountain Arsenal,Calculated by SGW from average counts per day during time ranges counted by RMA staff. Prefer this to other data.,NA,NA
NAT_138,2022,Mar,50151.29009216589,2022-03-15,FWS_268,Rocky Mountain Arsenal,Calculated by SGW from average counts per day during time ranges counted by RMA staff. Prefer this to other data.,NA,NA
NAT_138,2022,Apr,55785.299999999974,2022-04-15,FWS_268,Rocky Mountain Arsenal,Calculated by SGW from average counts per day during time ranges counted by RMA staff. Prefer this to other data.,NA,NA
NAT_138,2019,May,45552.918748484146,2019-05-15,FWS_268,Rocky Mountain Arsenal,Calculated by SGW from average counts per day during time ranges counted by RMA staff. Prefer this to other data.,NA,NA
NAT_138,2020,May,90695.8125,2020-05-15,FWS_268,Rocky Mountain Arsenal,Calculated by SGW from average counts per day during time ranges counted by RMA staff. Prefer this to other data.,NA,NA
NAT_138,2021,May,50328.940645161296,2021-05-15,FWS_268,Rocky Mountain Arsenal,Calculated by SGW from average counts per day during time ranges counted by RMA staff. Prefer this to other data.,NA,NA
NAT_138,2022,May,65565,2022-05-15,FWS_268,Rocky Mountain Arsenal,Calculated by SGW from average counts per day during time ranges counted by RMA staff. Prefer this to other data.,NA,NA
NAT_138,2019,Jun,41882.1697792869,2019-06-15,FWS_268,Rocky Mountain Arsenal,Calculated by SGW from average counts per day during time ranges counted by RMA staff. Prefer this to other data.,NA,NA
NAT_138,2020,Jun,74142.1875,2020-06-15,FWS_268,Rocky Mountain Arsenal,Calculated by SGW from average counts per day during time ranges counted by RMA staff. Prefer this to other data.,NA,NA
NAT_138,2021,Jun,60879.08254269449,2021-06-15,FWS_268,Rocky Mountain Arsenal,Calculated by SGW from average counts per day during time ranges counted by RMA staff. Prefer this to other data.,NA,NA
NAT_138,2022,Jun,56227.41666666664,2022-06-15,FWS_268,Rocky Mountain Arsenal,Calculated by SGW from average counts per day during time ranges counted by RMA staff. Prefer this to other data.,NA,NA
NAT_138,2019,Jul,52287.21052631577,2019-07-15,FWS_268,Rocky Mountain Arsenal,Calculated by SGW from average counts per day during time ranges counted by RMA staff. Prefer this to other data.,NA,NA
NAT_138,2020,Jul,69109.29403409096,2020-07-15,FWS_268,Rocky Mountain Arsenal,Calculated by SGW from average counts per day during time ranges counted by RMA staff. Prefer this to other data.,NA,NA
NAT_138,2021,Jul,58384.85294117643,2021-07-15,FWS_268,Rocky Mountain Arsenal,Calculated by SGW from average counts per day during time ranges counted by RMA staff. Prefer this to other data.,NA,NA
NAT_138,2022,Jul,49691.330459770135,2022-07-15,FWS_268,Rocky Mountain Arsenal,Calculated by SGW from average counts per day during time ranges counted by RMA staff. Prefer this to other data.,NA,NA
NAT_138,2019,Aug,25122.43293718169,2019-08-15,FWS_268,Rocky Mountain Arsenal,Calculated by SGW from average counts per day during time ranges counted by RMA staff. Prefer this to other data.,NA,NA
NAT_138,2020,Aug,64238.029780564226,2020-08-15,FWS_268,Rocky Mountain Arsenal,Calculated by SGW from average counts per day during time ranges counted by RMA staff. Prefer this to other data.,NA,NA
NAT_138,2021,Aug,47028.088235294104,2021-08-15,FWS_268,Rocky Mountain Arsenal,Calculated by SGW from average counts per day during time ranges counted by RMA staff. Prefer this to other data.,NA,NA
NAT_138,2022,Aug,42119.91877394633,2022-08-15,FWS_268,Rocky Mountain Arsenal,Calculated by SGW from average counts per day during time ranges counted by RMA staff. Prefer this to other data.,NA,NA
NAT_138,2020,Sep,57788.36264367815,2020-09-15,FWS_268,Rocky Mountain Arsenal,Calculated by SGW from average counts per day during time ranges counted by RMA staff. Prefer this to other data.,NA,NA
NAT_138,2021,Sep,45606.04659442723,2021-09-15,FWS_268,Rocky Mountain Arsenal,Calculated by SGW from average counts per day during time ranges counted by RMA staff. Prefer this to other data.,NA,NA
NAT_138,2022,Sep,22346.306060606057,2022-09-15,FWS_268,Rocky Mountain Arsenal,Calculated by SGW from average counts per day during time ranges counted by RMA staff. Prefer this to other data.,NA,NA
NAT_138,2020,Oct,56093.62604166666,2020-10-15,FWS_268,Rocky Mountain Arsenal,Calculated by SGW from average counts per day during time ranges counted by RMA staff. Prefer this to other data.,NA,NA
NAT_138,2021,Oct,44931.23684210529,2021-10-15,FWS_268,Rocky Mountain Arsenal,Calculated by SGW from average counts per day during time ranges counted by RMA staff. Prefer this to other data.,NA,NA
NAT_138,2022,Oct,13233.242424242426,2022-10-15,FWS_268,Rocky Mountain Arsenal,Calculated by SGW from average counts per day during time ranges counted by RMA staff. Prefer this to other data.,NA,NA
NAT_138,2020,Nov,60954.94062499999,2020-11-15,FWS_268,Rocky Mountain Arsenal,Calculated by SGW from average counts per day during time ranges counted by RMA staff. Prefer this to other data.,NA,NA
NAT_138,2021,Nov,44819.119395711474,2021-11-15,FWS_268,Rocky Mountain Arsenal,Calculated by SGW from average counts per day during time ranges counted by RMA staff. Prefer this to other data.,NA,NA
NAT_138,2020,Dec,21802.153125000004,2020-12-15,FWS_268,Rocky Mountain Arsenal,Calculated by SGW from average counts per day during time ranges counted by RMA staff. Prefer this to other data.,NA,NA
NAT_138,2021,Dec,42110.9,2021-12-15,FWS_268,Rocky Mountain Arsenal,Calculated by SGW from average counts per day during time ranges counted by RMA staff. Prefer this to other data.,NA,NA
NAT_144,2018,Jan,7635.1,2018-01-15,FWS_404,Harris Neck,"Car traffic only (no boats). Entrance Gate + Boat traffic, using Pinckney multipliers",NA,NA
NAT_144,2018,Feb,9435.7,2018-02-15,FWS_404,Harris Neck,"Car traffic only (no boats). Entrance Gate + Boat traffic, using Pinckney multipliers",NA,NA
NAT_144,2018,Mar,11619.9,2018-03-15,FWS_404,Harris Neck,"Car traffic only (no boats). Entrance Gate + Boat traffic, using Pinckney multipliers",NA,NA
NAT_144,2018,Apr,10835.2,2018-04-15,FWS_404,Harris Neck,"Car traffic only (no boats). Entrance Gate + Boat traffic, using Pinckney multipliers",NA,NA
NAT_144,2018,May,10458.1,2018-05-15,FWS_404,Harris Neck,"Car traffic only (no boats). Entrance Gate + Boat traffic, using Pinckney multipliers",NA,NA
NAT_144,2018,Jun,9655.5,2018-06-15,FWS_404,Harris Neck,"Car traffic only (no boats). Entrance Gate + Boat traffic, using Pinckney multipliers",NA,NA
NAT_144,2018,Jul,9471.3,2018-07-15,FWS_404,Harris Neck,"Car traffic only (no boats). Entrance Gate + Boat traffic, using Pinckney multipliers",NA,NA
NAT_144,2018,Aug,7808.5,2018-08-15,FWS_404,Harris Neck,"Car traffic only (no boats). Entrance Gate + Boat traffic, using Pinckney multipliers",NA,NA
NAT_144,2018,Sep,8434.2,2018-09-15,FWS_404,Harris Neck,"Car traffic only (no boats). Entrance Gate + Boat traffic, using Pinckney multipliers",NA,NA
NAT_144,2018,Oct,7487.6,2018-10-15,FWS_404,Harris Neck,"Car traffic only (no boats). Entrance Gate + Boat traffic, using Pinckney multipliers",NA,NA
NAT_144,2018,Nov,7531.1,2018-11-15,FWS_404,Harris Neck,"Car traffic only (no boats). Entrance Gate + Boat traffic, using Pinckney multipliers",NA,NA
NAT_144,2018,Dec,7257.299999999999,2018-12-15,FWS_404,Harris Neck,"Car traffic only (no boats). Entrance Gate + Boat traffic, using Pinckney multipliers",NA,NA
NAT_144,2019,Jan,6851,2019-01-15,FWS_404,Harris Neck,"Car traffic only (no boats). Entrance Gate + Boat traffic, using Pinckney multipliers",NA,NA
NAT_144,2019,Feb,8197.699999999999,2019-02-15,FWS_404,Harris Neck,"Car traffic only (no boats). Entrance Gate + Boat traffic, using Pinckney multipliers",NA,NA
NAT_144,2019,Mar,11608.1,2019-03-15,FWS_404,Harris Neck,"Car traffic only (no boats). Entrance Gate + Boat traffic, using Pinckney multipliers",NA,NA
NAT_144,2019,Apr,10608.6,2019-04-15,FWS_404,Harris Neck,"Car traffic only (no boats). Entrance Gate + Boat traffic, using Pinckney multipliers",NA,NA
NAT_144,2019,May,9165.7,2019-05-15,FWS_404,Harris Neck,"Car traffic only (no boats). Entrance Gate + Boat traffic, using Pinckney multipliers",NA,NA
NAT_144,2019,Jun,8950.199999999999,2019-06-15,FWS_404,Harris Neck,"Car traffic only (no boats). Entrance Gate + Boat traffic, using Pinckney multipliers",NA,NA
NAT_144,2019,Jul,9096.1,2019-07-15,FWS_404,Harris Neck,"Car traffic only (no boats). Entrance Gate + Boat traffic, using Pinckney multipliers",NA,NA
NAT_144,2019,Aug,7554.799999999999,2019-08-15,FWS_404,Harris Neck,"Car traffic only (no boats). Entrance Gate + Boat traffic, using Pinckney multipliers",NA,NA
NAT_144,2019,Sep,9287.1,2019-09-15,FWS_404,Harris Neck,"Car traffic only (no boats). Entrance Gate + Boat traffic, using Pinckney multipliers",NA,NA
NAT_144,2019,Oct,8735.5,2019-10-15,FWS_404,Harris Neck,"Car traffic only (no boats). Entrance Gate + Boat traffic, using Pinckney multipliers",NA,NA
NAT_144,2019,Nov,9282.5,2019-11-15,FWS_404,Harris Neck,"Car traffic only (no boats). Entrance Gate + Boat traffic, using Pinckney multipliers",NA,NA
NAT_144,2019,Dec,7136.5,2019-12-15,FWS_404,Harris Neck,"Car traffic only (no boats). Entrance Gate + Boat traffic, using Pinckney multipliers",NA,NA
NAT_144,2020,Jan,10363,2020-01-15,FWS_404,Harris Neck,"Car traffic only (no boats). Entrance Gate + Boat traffic, using Pinckney multipliers",NA,NA
NAT_144,2020,Feb,9980.8,2020-02-15,FWS_404,Harris Neck,"Car traffic only (no boats). Entrance Gate + Boat traffic, using Pinckney multipliers",NA,NA
NAT_144,2020,Mar,12401,2020-03-15,FWS_404,Harris Neck,"Car traffic only (no boats). Entrance Gate + Boat traffic, using Pinckney multipliers",NA,NA
NAT_144,2020,Apr,13444,2020-04-15,FWS_404,Harris Neck,"Car traffic only (no boats). Entrance Gate + Boat traffic, using Pinckney multipliers",NA,NA
NAT_144,2020,May,17539.3,2020-05-15,FWS_404,Harris Neck,"Car traffic only (no boats). Entrance Gate + Boat traffic, using Pinckney multipliers",NA,NA
NAT_144,2020,Jun,11813.899999999998,2020-06-15,FWS_404,Harris Neck,"Car traffic only (no boats). Entrance Gate + Boat traffic, using Pinckney multipliers",NA,NA
NAT_144,2020,Jul,11424.6,2020-07-15,FWS_404,Harris Neck,"Car traffic only (no boats). Entrance Gate + Boat traffic, using Pinckney multipliers",NA,NA
NAT_144,2020,Aug,14912.8,2020-08-15,FWS_404,Harris Neck,"Car traffic only (no boats). Entrance Gate + Boat traffic, using Pinckney multipliers",NA,NA
NAT_144,2020,Sep,13352.5,2020-09-15,FWS_404,Harris Neck,"Car traffic only (no boats). Entrance Gate + Boat traffic, using Pinckney multipliers",NA,NA
NAT_144,2020,Oct,12991.2,2020-10-15,FWS_404,Harris Neck,"Car traffic only (no boats). Entrance Gate + Boat traffic, using Pinckney multipliers",NA,NA
NAT_144,2020,Nov,9960.6,2020-11-15,FWS_404,Harris Neck,"Car traffic only (no boats). Entrance Gate + Boat traffic, using Pinckney multipliers",NA,NA
NAT_144,2020,Dec,9854.4,2020-12-15,FWS_404,Harris Neck,"Car traffic only (no boats). Entrance Gate + Boat traffic, using Pinckney multipliers",NA,NA
NAT_144,2021,Jan,11166.1,2021-01-15,FWS_404,Harris Neck,"Car traffic only (no boats). Entrance Gate + Boat traffic, using Pinckney multipliers",NA,NA
NAT_144,2021,Feb,9595.7,2021-02-15,FWS_404,Harris Neck,"Car traffic only (no boats). Entrance Gate + Boat traffic, using Pinckney multipliers",NA,NA
NAT_144,2021,Mar,12616.1,2021-03-15,FWS_404,Harris Neck,"Car traffic only (no boats). Entrance Gate + Boat traffic, using Pinckney multipliers",NA,NA
NAT_144,2021,Apr,10179.4,2021-04-15,FWS_404,Harris Neck,"Car traffic only (no boats). Entrance Gate + Boat traffic, using Pinckney multipliers",NA,NA
NAT_144,2021,May,14465.7,2021-05-15,FWS_404,Harris Neck,"Car traffic only (no boats). Entrance Gate + Boat traffic, using Pinckney multipliers",NA,NA
NAT_144,2021,Jun,10029.7,2021-06-15,FWS_404,Harris Neck,"Car traffic only (no boats). Entrance Gate + Boat traffic, using Pinckney multipliers",NA,NA
NAT_144,2021,Jul,13340.2,2021-07-15,FWS_404,Harris Neck,"Car traffic only (no boats). Entrance Gate + Boat traffic, using Pinckney multipliers",NA,NA
NAT_144,2021,Aug,11107.9,2021-08-15,FWS_404,Harris Neck,"Car traffic only (no boats). Entrance Gate + Boat traffic, using Pinckney multipliers",NA,NA
NAT_144,2021,Sep,13289.9,2021-09-15,FWS_404,Harris Neck,"Car traffic only (no boats). Entrance Gate + Boat traffic, using Pinckney multipliers",NA,NA
NAT_144,2021,Oct,11546.9,2021-10-15,FWS_404,Harris Neck,"Car traffic only (no boats). Entrance Gate + Boat traffic, using Pinckney multipliers",NA,NA
NAT_144,2021,Nov,10432.9,2021-11-15,FWS_404,Harris Neck,"Car traffic only (no boats). Entrance Gate + Boat traffic, using Pinckney multipliers",NA,NA
NAT_144,2021,Dec,10501.1,2021-12-15,FWS_404,Harris Neck,"Car traffic only (no boats). Entrance Gate + Boat traffic, using Pinckney multipliers",NA,NA
NAT_144,2022,Jan,10403.9,2022-01-15,FWS_404,Harris Neck,"Car traffic only (no boats). Entrance Gate + Boat traffic, using Pinckney multipliers",NA,NA
NAT_144,2022,Feb,11328.8,2022-02-15,FWS_404,Harris Neck,"Car traffic only (no boats). Entrance Gate + Boat traffic, using Pinckney multipliers",NA,NA
NAT_144,2022,Mar,13046.999999999998,2022-03-15,FWS_404,Harris Neck,"Car traffic only (no boats). Entrance Gate + Boat traffic, using Pinckney multipliers",NA,NA
NAT_144,2022,Apr,13524.1,2022-04-15,FWS_404,Harris Neck,"Car traffic only (no boats). Entrance Gate + Boat traffic, using Pinckney multipliers",NA,NA
NAT_144,2022,May,12177.1,2022-05-15,FWS_404,Harris Neck,"Car traffic only (no boats). Entrance Gate + Boat traffic, using Pinckney multipliers",NA,NA
NAT_144,2022,Jun,10823.3,2022-06-15,FWS_404,Harris Neck,"Car traffic only (no boats). Entrance Gate + Boat traffic, using Pinckney multipliers",NA,NA
NAT_144,2022,Jul,12513.399999999998,2022-07-15,FWS_404,Harris Neck,"Car traffic only (no boats). Entrance Gate + Boat traffic, using Pinckney multipliers",NA,NA
NAT_144,2022,Aug,9808,2022-08-15,FWS_404,Harris Neck,"Car traffic only (no boats). Entrance Gate + Boat traffic, using Pinckney multipliers",NA,NA
NAT_144,2022,Sep,11273.499999999998,2022-09-15,FWS_404,Harris Neck,"Car traffic only (no boats). Entrance Gate + Boat traffic, using Pinckney multipliers",NA,NA
NAT_144,2022,Oct,10855,2022-10-15,FWS_404,Harris Neck,"Car traffic only (no boats). Entrance Gate + Boat traffic, using Pinckney multipliers",NA,NA
NAT_144,2022,Nov,10026.5,2022-11-15,FWS_404,Harris Neck,"Car traffic only (no boats). Entrance Gate + Boat traffic, using Pinckney multipliers",NA,NA
NAT_144,2022,Dec,8637.099999999999,2022-12-15,FWS_404,Harris Neck,"Car traffic only (no boats). Entrance Gate + Boat traffic, using Pinckney multipliers",NA,NA
NAT_141,2018,Jan,54364,2018-01-15,FWS_358,Loxahatchee,"Vehicle CountersIn FY22, overall visitation dropped by 10%. This may be due to everything being more expensive, including high gas prices and travel being more expensive, visitors discovering other outdoor areas since the pandemic started. Formula: ((HQ TRAFx vehicles/2)*3.2) + (Lox Rd TRAFx vehicles*1.7) + ((20 Mile Bend TRAFx (vehicles/2)*3.2)) + ACME 1 + Onsite EE participants + SUPs and Tour Buses + Bedners + 5% of trail counters at Lox Rd W, S-39, and L-40.",NA,NA
NAT_141,2018,Feb,50767,2018-02-15,FWS_358,Loxahatchee,Vehicle Counters,NA,NA
NAT_141,2018,Mar,59901.13333333333,2018-03-15,FWS_358,Loxahatchee,Vehicle Counters,NA,NA
NAT_141,2018,Apr,51698.25,2018-04-15,FWS_358,Loxahatchee,Vehicle Counters,NA,NA
NAT_141,2018,May,45070,2018-05-15,FWS_358,Loxahatchee,Vehicle Counters,NA,NA
NAT_141,2018,Jun,44245,2018-06-15,FWS_358,Loxahatchee,Vehicle Counters,NA,NA
NAT_141,2018,Jul,53258,2018-07-15,FWS_358,Loxahatchee,Vehicle Counters,NA,NA
NAT_141,2018,Aug,57355,2018-08-15,FWS_358,Loxahatchee,Vehicle Counters,NA,NA
NAT_141,2018,Sep,49370,2018-09-15,FWS_358,Loxahatchee,Vehicle Counters,NA,NA
NAT_141,2018,Oct,53097,2018-10-15,FWS_358,Loxahatchee,Vehicle Counters,NA,NA
NAT_141,2018,Nov,50267,2018-11-15,FWS_358,Loxahatchee,Vehicle Counters,NA,NA
NAT_141,2018,Dec,57440,2018-12-15,FWS_358,Loxahatchee,Vehicle Counters,NA,NA
NAT_141,2019,Jan,61425,2019-01-15,FWS_358,Loxahatchee,Vehicle Counters,NA,NA
NAT_141,2019,Feb,79702,2019-02-15,FWS_358,Loxahatchee,Vehicle Counters,NA,NA
NAT_141,2019,Mar,88291,2019-03-15,FWS_358,Loxahatchee,Vehicle Counters,NA,NA
NAT_141,2019,Apr,91699,2019-04-15,FWS_358,Loxahatchee,Vehicle Counters,NA,NA
NAT_141,2019,May,54365.46428571429,2019-05-15,FWS_358,Loxahatchee,Vehicle Counters,NA,NA
NAT_141,2019,Jun,54164.08695652174,2019-06-15,FWS_358,Loxahatchee,Vehicle Counters,NA,NA
NAT_141,2019,Jul,54353.57142857143,2019-07-15,FWS_358,Loxahatchee,Vehicle Counters,NA,NA
NAT_141,2019,Aug,50371,2019-08-15,FWS_358,Loxahatchee,Vehicle Counters,NA,NA
NAT_141,2019,Sep,48999,2019-09-15,FWS_358,Loxahatchee,Vehicle Counters,NA,NA
NAT_141,2019,Oct,56152,2019-10-15,FWS_358,Loxahatchee,Vehicle Counters,NA,NA
NAT_141,2019,Nov,58472,2019-11-15,FWS_358,Loxahatchee,Vehicle Counters,NA,NA
NAT_141,2019,Dec,63380,2019-12-15,FWS_358,Loxahatchee,Vehicle Counters,NA,NA
NAT_141,2020,Jan,78343,2020-01-15,FWS_358,Loxahatchee,Vehicle Counters,NA,NA
NAT_141,2020,Feb,72800,2020-02-15,FWS_358,Loxahatchee,Vehicle Counters,NA,NA
NAT_141,2020,Mar,122181,2020-03-15,FWS_358,Loxahatchee,Vehicle Counters,NA,NA
NAT_141,2020,Apr,165885,2020-04-15,FWS_358,Loxahatchee,Vehicle Counters,NA,NA
NAT_141,2020,May,212597,2020-05-15,FWS_358,Loxahatchee,Vehicle Counters,NA,NA
NAT_141,2020,Jun,200381,2020-06-15,FWS_358,Loxahatchee,Vehicle Counters,NA,NA
NAT_141,2020,Jul,190742,2020-07-15,FWS_358,Loxahatchee,Vehicle Counters,NA,NA
NAT_141,2020,Aug,138752,2020-08-15,FWS_358,Loxahatchee,Vehicle Counters,NA,NA
NAT_141,2020,Sep,107133,2020-09-15,FWS_358,Loxahatchee,Vehicle Counters,NA,NA
NAT_141,2020,Oct,104600,2020-10-15,FWS_358,Loxahatchee,Vehicle Counters,NA,NA
NAT_141,2020,Nov,84851,2020-11-15,FWS_358,Loxahatchee,Vehicle Counters,NA,NA
NAT_141,2020,Dec,102926,2020-12-15,FWS_358,Loxahatchee,Vehicle Counters,NA,NA
NAT_141,2021,Jan,113414,2021-01-15,FWS_358,Loxahatchee,Vehicle Counters,NA,NA
NAT_141,2021,Feb,98024,2021-02-15,FWS_358,Loxahatchee,Vehicle Counters,NA,NA
NAT_141,2021,Mar,114790,2021-03-15,FWS_358,Loxahatchee,Vehicle Counters,NA,NA
NAT_141,2021,Apr,91112,2021-04-15,FWS_358,Loxahatchee,Vehicle Counters,NA,NA
NAT_141,2021,May,92813,2021-05-15,FWS_358,Loxahatchee,Vehicle Counters,NA,NA
NAT_141,2021,Jun,74893,2021-06-15,FWS_358,Loxahatchee,Vehicle Counters,NA,NA
NAT_141,2021,Jul,71059,2021-07-15,FWS_358,Loxahatchee,Vehicle Counters,NA,NA
NAT_141,2021,Aug,98938,2021-08-15,FWS_358,Loxahatchee,Vehicle Counters,NA,NA
NAT_141,2021,Sep,52355,2021-09-15,FWS_358,Loxahatchee,Vehicle Counters,NA,NA
NAT_141,2021,Oct,63662.8,2021-10-15,FWS_358,Loxahatchee,Vehicle Counters,NA,NA
NAT_141,2021,Nov,64974,2021-11-15,FWS_358,Loxahatchee,Vehicle Counters,NA,NA
NAT_141,2021,Dec,72330,2021-12-15,FWS_358,Loxahatchee,Vehicle Counters,NA,NA
NAT_141,2022,Jan,81457,2022-01-15,FWS_358,Loxahatchee,Vehicle Counters,NA,NA
NAT_141,2022,Feb,74851,2022-02-15,FWS_358,Loxahatchee,Vehicle Counters,NA,NA
NAT_141,2022,Mar,99616,2022-03-15,FWS_358,Loxahatchee,Vehicle Counters,NA,NA
NAT_141,2022,Apr,87577,2022-04-15,FWS_358,Loxahatchee,Vehicle Counters,NA,NA
NAT_141,2022,May,86848.07586206896,2022-05-15,FWS_358,Loxahatchee,Vehicle Counters,NA,NA
NAT_141,2022,Jun,68394.85714285714,2022-06-15,FWS_358,Loxahatchee,Vehicle Counters,NA,NA
NAT_141,2022,Jul,92544.21739130437,2022-07-15,FWS_358,Loxahatchee,Vehicle Counters,NA,NA
NAT_141,2022,Aug,75846.33333333334,2022-08-15,FWS_358,Loxahatchee,Vehicle Counters,NA,NA
NAT_141,2022,Sep,64151,2022-09-15,FWS_358,Loxahatchee,Vehicle Counters,NA,NA
NAT_141,2022,Oct,65907,2022-10-15,FWS_358,Loxahatchee,Vehicle Counters,NA,NA
NAT_141,2022,Nov,69405.48214285714,2022-11-15,FWS_358,Loxahatchee,Vehicle Counters,NA,NA
NAT_141,2022,Dec,73466.17857142858,2022-12-15,FWS_358,Loxahatchee,Vehicle Counters,NA,NA
NAT_146,2021,Oct,5346,2021-10-15,FWS_653,Wolf Creek,USFWS counts only,NA,NA
NAT_146,2021,Nov,1647,2021-11-15,FWS_653,Wolf Creek,USFWS counts only,NA,NA
NAT_146,2021,Dec,639,2021-12-15,FWS_653,Wolf Creek,USFWS counts only,NA,NA
NAT_146,2022,Jan,395,2022-01-15,FWS_653,Wolf Creek,USFWS counts only,NA,NA
NAT_146,2022,Feb,1005,2022-02-15,FWS_653,Wolf Creek,USFWS counts only,NA,NA
NAT_146,2022,Mar,2436,2022-03-15,FWS_653,Wolf Creek,USFWS counts only,NA,NA
NAT_146,2022,Apr,6011,2022-04-15,FWS_653,Wolf Creek,USFWS counts only,NA,NA
NAT_146,2022,May,5549,2022-05-15,FWS_653,Wolf Creek,USFWS counts only,NA,NA
NAT_146,2022,Jun,6818,2022-06-15,FWS_653,Wolf Creek,USFWS counts only,NA,NA
NAT_146,2022,Jul,6889,2022-07-15,FWS_653,Wolf Creek,USFWS counts only,NA,NA
NAT_146,2022,Aug,4794,2022-08-15,FWS_653,Wolf Creek,USFWS counts only,NA,NA
NAT_146,2022,Sep,3784,2022-09-15,FWS_653,Wolf Creek,USFWS counts only,NA,NA
NAT_146,2020,Oct,4632,2020-10-15,FWS_653,Wolf Creek,USFWS counts only,NA,NA
NAT_146,2020,Nov,2231,2020-11-15,FWS_653,Wolf Creek,USFWS counts only,NA,NA
NAT_146,2020,Dec,6951,2020-12-15,FWS_653,Wolf Creek,USFWS counts only,NA,NA
NAT_146,2021,Jan,1142,2021-01-15,FWS_653,Wolf Creek,USFWS counts only,NA,NA
NAT_146,2021,Feb,677,2021-02-15,FWS_653,Wolf Creek,USFWS counts only,NA,NA
NAT_146,2021,Mar,2502,2021-03-15,FWS_653,Wolf Creek,USFWS counts only,NA,NA
NAT_146,2021,Apr,4938,2021-04-15,FWS_653,Wolf Creek,USFWS counts only,NA,NA
NAT_146,2021,May,6441,2021-05-15,FWS_653,Wolf Creek,USFWS counts only,NA,NA
NAT_146,2021,Jun,6951,2021-06-15,FWS_653,Wolf Creek,USFWS counts only,NA,NA
NAT_146,2021,Jul,8477,2021-07-15,FWS_653,Wolf Creek,USFWS counts only,NA,NA
NAT_146,2021,Aug,4489,2021-08-15,FWS_653,Wolf Creek,USFWS counts only,NA,NA
NAT_146,2021,Sep,3853,2021-09-15,FWS_653,Wolf Creek,USFWS counts only,NA,NA
NAT_146,2019,Oct,5155,2019-10-15,FWS_653,Wolf Creek,USFWS counts only,NA,NA
NAT_146,2019,Nov,1013,2019-11-15,FWS_653,Wolf Creek,USFWS counts only,NA,NA
NAT_146,2019,Dec,2404,2019-12-15,FWS_653,Wolf Creek,USFWS counts only,NA,NA
NAT_146,2020,Jan,1625,2020-01-15,FWS_653,Wolf Creek,USFWS counts only,NA,NA
NAT_146,2020,Feb,2065,2020-02-15,FWS_653,Wolf Creek,USFWS counts only,NA,NA
NAT_146,2020,Mar,2298,2020-03-15,FWS_653,Wolf Creek,USFWS counts only,NA,NA
NAT_146,2020,Apr,1454,2020-04-15,FWS_653,Wolf Creek,USFWS counts only,NA,NA
NAT_146,2020,May,4103,2020-05-15,FWS_653,Wolf Creek,USFWS counts only,NA,NA
NAT_146,2020,Jun,6537,2020-06-15,FWS_653,Wolf Creek,USFWS counts only,NA,NA
NAT_146,2020,Jul,4548,2020-07-15,FWS_653,Wolf Creek,USFWS counts only,NA,NA
NAT_146,2020,Aug,4385,2020-08-15,FWS_653,Wolf Creek,USFWS counts only,NA,NA
NAT_146,2020,Sep,5401,2020-09-15,FWS_653,Wolf Creek,USFWS counts only,NA,NA
NAT_142,2022,Jan,14984.937002519957,2022-01-15,FWS_361,San Diego,Extrapolated from partial month,NA,NA
NAT_142,2022,Feb,16345.578880145697,2022-02-15,FWS_361,San Diego,NA,NA,NA
NAT_142,2022,Mar,19898.339172605894,2022-03-15,FWS_361,San Diego,NA,NA,NA
NAT_142,2022,Apr,20100.12545250777,2022-04-15,FWS_361,San Diego,NA,NA,NA
NAT_142,2022,May,19734.124961222788,2022-05-15,FWS_361,San Diego,NA,NA,NA
NAT_142,2022,Jun,13716.241020718542,2022-06-15,FWS_361,San Diego,NA,NA,NA
NAT_142,2022,Jul,13728.195445719031,2022-07-15,FWS_361,San Diego,NA,NA,NA
NAT_142,2022,Aug,6426.473699243133,2022-08-15,FWS_361,San Diego,Extrapolated from partial month,NA,NA
NAT_142,2022,Sep,8210.927599096723,2022-09-15,FWS_361,San Diego,NA,NA,NA
NAT_142,2022,Oct,12038.402851276713,2022-10-15,FWS_361,San Diego,NA,NA,NA
NAT_142,2022,Nov,14130.502173216488,2022-11-15,FWS_361,San Diego,NA,NA,NA
NAT_142,2022,Dec,11761.59224305004,2022-12-15,FWS_361,San Diego,NA,NA,NA
